type,id,icon_logo,date,link_name,thumnail_logo,name
Playlist,Pchaos destruction series - youtube0Lk0skwf,https://www.youtube.com/s/desktop/87423d78/img/favicon_32x32.png,2024-02-20T11:42:49.918Z,https://www.youtube.com/playlist?list=PLPpgDoSBYYWgAsFdt3AsvyblUk04qkEob,https://i.ytimg.com/vi/ThZPXbEtNsE/hqdefault.jpg?sqp=-oaymwEWCKgBEF5IWvKriqkDCQgBFQAAiEIYAQ==&rs=AOn4CLBFWDDLMdu9EojaEmyE8l3O3I0BuA&days_since_epoch=19773,Chaos Destruction Series - YouTube
Playlist,Phow to? - unreal engine 5 c++ - youtubeTHKmH5Os,https://www.youtube.com/s/desktop/87423d78/img/favicon_32x32.png,2024-02-20T11:42:49.902Z,https://www.youtube.com/playlist?list=PLBLmKCAjA25AzbbDhIVUdZeSc6o07pMfe,https://i.ytimg.com/vi/chfhADEicv0/hqdefault.jpg?sqp=-oaymwEWCKgBEF5IWvKriqkDCQgBFQAAiEIYAQ==&rs=AOn4CLAjAtivmO3E2plQpoypcX4AvjsHMA&days_since_epoch=19773,How To? - Unreal Engine 5 C++ - YouTube
Playlist,Ples bases de firebase - youtubeUHjJ4aFn,https://www.youtube.com/s/desktop/8157892f/img/favicon_32x32.png,2024-02-22T09:40:21.878Z,https://www.youtube.com/playlist?list=PLT2KSPhMMiqp0jwqSCKaOjJHjl8ZFS2tI,https://i.ytimg.com/vi/YM8mV1ptuUY/hqdefault.jpg?sqp=-oaymwEWCKgBEF5IWvKriqkDCQgBFQAAiEIYAQ==&rs=AOn4CLD57zUy81VcLrhObq97Q5VBs1JS8w&days_since_epoch=19775,Les bases de Firebase - YouTube
Playlist,Poculus quest hand tracking - youtubeeqb0v9wu,https://www.youtube.com/s/desktop/87423d78/img/favicon_32x32.png,2024-02-20T11:42:49.903Z,https://www.youtube.com/playlist?list=PLbgD2Tk2QUnkYVdDN-EMSiinyKpWXRpIR,https://i.ytimg.com/vi/sSdpPtlEk20/hqdefault.jpg?sqp=-oaymwEWCKgBEF5IWvKriqkDCQgBFQAAiEIYAQ==&rs=AOn4CLD7-EczSuQHyvE1k8ZVcsbOxY3SbQ&days_since_epoch=19773,Oculus Quest Hand Tracking - YouTube
Playlist,Pue4 c++ development for vr - youtube95cx5fdx,https://www.youtube.com/s/desktop/87423d78/img/favicon_32x32.png,2024-02-20T11:42:49.903Z,https://www.youtube.com/playlist?list=PL5jucrVJoa43G22mqydtCb3qmFXipf2Uy,https://i.ytimg.com/vi/N7TUC0ZvuGM/hqdefault.jpg?sqp=-oaymwEWCKgBEF5IWvKriqkDCQgBFQAAiEIYAQ==&rs=AOn4CLAvaqHmUMQAyPPNRD82jb7MEvU43Q&days_since_epoch=19773,UE4 C++ Development for VR - YouTube
Playlist,Punreal engine help - materials - youtubePjdmZWbA,https://www.youtube.com/s/desktop/87423d78/img/favicon_32x32.png,2024-02-20T11:42:49.926Z,https://www.youtube.com/playlist?list=PLrpW4usReKy13pLMay2XWCXtwVEDz2BMa,https://i.ytimg.com/vi/wIz6iyIOkys/hqdefault.jpg?sqp=-oaymwEWCKgBEF5IWvKriqkDCQgBFQAAiEIYAQ==&rs=AOn4CLBbScsoeuuDccolwcdkbDYss7_s6g&days_since_epoch=19773,Unreal Engine Help - Materials - YouTube
Playlist,Punreal engine procedural terrain generation - youtubejIjt9NSF,https://www.youtube.com/s/desktop/87423d78/img/favicon_32x32.png,2024-02-20T11:42:49.901Z,https://www.youtube.com/playlist?list=PLyL5ZNukfVqskz_OkMdrLamiYg1sITyic,https://i.ytimg.com/vi/9ASgfwzNvL8/hqdefault.jpg?sqp=-oaymwEWCKgBEF5IWvKriqkDCQgBFQAAiEIYAQ==&rs=AOn4CLAFFdwEeq7EnfYtKmNkZZdXS9he4w&days_since_epoch=19773,Unreal Engine procedural terrain generation - YouTube
Playlist,Punreal engine tuto fr - youtubeqY64KYjW,https://www.youtube.com/s/desktop/87423d78/img/favicon_32x32.png,2024-02-20T11:42:49.931Z,https://www.youtube.com/playlist?list=PL3uLQPKRP3zaL2YA9Kt3gYS3nLmzNAFoO,https://i.ytimg.com/vi/Q12jxnttmfU/hqdefault.jpg?sqp=-oaymwEWCKgBEF5IWvKriqkDCQgBFQAAiEIYAQ==&rs=AOn4CLD1Hum7oY8LCgGNauaBcvU9HjNULg&days_since_epoch=19773,Unreal Engine TUTO FR - YouTube
Playlist,Puser interface development - unreal engine 4 course - youtubePYx9KKrb,https://www.youtube.com/s/desktop/87423d78/img/favicon_32x32.png,2024-02-20T11:42:49.931Z,https://www.youtube.com/playlist?list=PLL0cLF8gjBprIHm0yo-Vj9oBwi2-gAIEd,https://i.ytimg.com/vi/WJHfPwodtQo/hqdefault.jpg?sqp=-oaymwEWCKgBEF5IWvKriqkDCQgBFQAAiEIYAQ==&rs=AOn4CLC34BVE2zewvW93KSjEL1ndSu9eTg&days_since_epoch=19773,User Interface Development - Unreal Engine 4 Course - YouTube
Site,Saccessing pixel values of texture2d - asset creation - epic developer community forums1YqaY157,https://d3kjluh73b9h9o.cloudfront.net/optimized/4X/4/f/c/4fc78ce65be09c7e97b60a65447c99c078aca16b_2_32x32.png,2024-02-22T10:01:23.195Z,https://forums.unrealengine.com/t/accessing-pixel-values-of-texture2d/279798,https://d3kjluh73b9h9o.cloudfront.net/original/4X/4/b/2/4b280f634b056c5ef927c55b924c348550827f02.png,Accessing pixel values of Texture2D - Asset Creation - Epic Developer Commu...
Site,Sactivating the virtual scouting tools  | unreal engine 4-27 documentation6b2GiHG6,https://img.favpng.com/5/21/23/unreal-tournament-unreal-engine-4-game-engine-png-favpng-fFy5npbG23mSS0xzR35husFqa.jpg,2024-02-20T11:42:49.917Z,https://docs.unrealengine.com/4.27/en-US/BuildingWorlds/VRMode/VirtualScouting/ActivateVirtualScouting/,https://docs.unrealengine.com/4.27/Images/placeholder-social.png,Activating the Virtual Scouting Tools  | Unreal Engine 4.27 Documentation
Site,Sandroid - how to view androidmanifest-xml from apk file? - stack overflow4QNUmZJP,https://cdn.sstatic.net/Sites/stackoverflow/Img/favicon.ico?v=ec617d715196,2024-02-20T11:42:49.911Z,https://stackoverflow.com/questions/4191762/how-to-view-androidmanifest-xml-from-apk-file,https://cdn.sstatic.net/Sites/stackoverflow/Img/apple-touch-icon@2.png?v=73d79a89bded,android - How to view AndroidManifest.xml from APK file? - Stack Overflow
Site,Sapplication manifests for release buildsxGmrrum4,https://developer.oculus.com/favicon.ico?is_staging=0,2024-02-20T11:42:49.911Z,https://developer.oculus.com/resources/publish-mobile-manifest/,https://forums.oculusvr.com/html/assets/Meta%20logo-1.jpg,Application Manifests for Release Builds
Site,Sapplying a physics constraint profile in unreal engine | unreal engine 5-0 documentationD9HHwYIT,https://img.favpng.com/5/21/23/unreal-tournament-unreal-engine-4-game-engine-png-favpng-fFy5npbG23mSS0xzR35husFqa.jpg,2024-02-20T11:42:49.915Z,https://docs.unrealengine.com/5.0/en-US/applying-a-physics-constraint-profile-in-unreal-engine/,https://docs.unrealengine.com/5.0/Images/placeholder-social.png,Applying a Physics Constraint Profile in Unreal Engine | Unreal Engine 5.0 ...
Site,Sautomated digital elevation model (dem) generation from very-high-resolution planet skysat triplet stereo and video imagery - sciencedirectsciencedirectP5q1Xdt0,https://sdfestaticassets-eu-west-1.sciencedirectassets.com/shared-assets/13/images/favSD.ico,2024-02-20T11:42:49.894Z,https://www.sciencedirect.com/science/article/pii/S0924271620303506?via%3Dihub,https://ars.els-cdn.com/content/image/1-s2.0-S0924271621X00020-cov150h.gif,Automated digital elevation model (DEM) generation from very-high-resolutio...
Site,Sbing maps tile system - bing maps | microsoft learncalifornia consumer privacy act (ccpa) opt-out iconcalifornia consumer privacy act (ccpa) opt-out iconJmGiZd5M,https://learn.microsoft.com/favicon.ico,2024-02-20T11:42:49.894Z,https://learn.microsoft.com/en-us/bingmaps/articles/bing-maps-tile-system,https://learn.microsoft.com/en-us/media/open-graph-image.png,Bing Maps Tile System - Bing Maps | Microsoft LearnCalifornia Consumer Priv...
Site,Scall rest api using http &amp; json from ue5 c++ | community tutorial0U089n6y,https://dev.epicgames.com/community/assets/images/favicon-light.png,2024-02-20T11:42:49.894Z,https://dev.epicgames.com/community/learning/tutorials/ZdXD/call-rest-api-using-http-json-from-ue5-c,https://ue-cdn.artstation.com/imgproxy/PbLKElieaB52QSgRrmMUGQaAd0gumMV4A0m9p_B1as4/filename:thumb.jpg/resizing_type:fill/width:640/height:640/aHR0cHM6Ly9kMWl2N2RiNDR5aGd4bi5jbG91ZGZyb250Lm5ldC9pbWFnZXMvN2VmZjIzNzctZjQ1YS00OWY2LWIwMzMtNDhkNzc2Mzg4ODc2L3RodW1iLmpwZw,Call REST API using HTTP &amp; JSON from UE5 C++ | Community tutorial
Site,Scesium for unreal in code plugins - ue marketplace4f9ReADD,https://img.favpng.com/5/21/23/unreal-tournament-unreal-engine-4-game-engine-png-favpng-fFy5npbG23mSS0xzR35husFqa.jpg,2024-02-20T11:42:49.928Z,https://www.unrealengine.com/marketplace/en-US/product/cesium-for-unreal?sessionInvalidated=true#,https://cdn1.epicgames.com/ue/product/Featured/CesiumforUnreal_featured-894x488-d73df3d5c793cd337dacb4b8baf6dd28.png,Cesium for Unreal in Code Plugins - UE Marketplace
Site,Scesium for unreal quickstart – cesium informationdv40LGRt,https://cesium.com/cesium-logomark.svg,2024-02-20T11:42:49.933Z,https://cesium.com/learn/unreal/unreal-quickstart/,https://cesium.com/social-card.jpg,Cesium for Unreal Quickstart – Cesium Information
Site,Scesium for unreal – cesiumuYEQeKko,https://cesium.com/cesium-logomark.svg,2024-02-20T11:42:49.934Z,https://cesium.com/platform/cesium-for-unreal/,"https://images.prismic.io/cesium/2021-02-16-denver-unreal.jpg?auto=compress,format&rect=0,38,1920,1003&w=1200&h=627",Cesium for Unreal – Cesium
Site,Scollision in unreal engine - overview | unreal engine 5-0 documentationTLiXrVtX,https://img.favpng.com/5/21/23/unreal-tournament-unreal-engine-4-game-engine-png-favpng-fFy5npbG23mSS0xzR35husFqa.jpg,2024-02-20T11:42:49.912Z,https://docs.unrealengine.com/5.0/en-US/collision-in-unreal-engine---overview/,https://docs.unrealengine.com/5.0/Images/placeholder-social.png,Collision in Unreal Engine - Overview | Unreal Engine 5.0 Documentation
Site,Scollision tutorials in unreal engine | unreal engine 5-3 documentationRH5otsUO,https://img.favpng.com/5/21/23/unreal-tournament-unreal-engine-4-game-engine-png-favpng-fFy5npbG23mSS0xzR35husFqa.jpg,2024-02-20T11:42:49.921Z,https://docs.unrealengine.com/5.3/en-US/collision-tutorials-in-unreal-engine/,https://docs.unrealengine.com/5.1/Images/placeholder-social.png,Collision Tutorials in Unreal Engine | Unreal Engine 5.3 Documentation
Site,Scollisions in vr and movement - xr development - epic developer community forums6ovrFzXI,https://d3kjluh73b9h9o.cloudfront.net/optimized/4X/4/f/c/4fc78ce65be09c7e97b60a65447c99c078aca16b_2_32x32.png,2024-02-20T11:42:49.914Z,https://forums.unrealengine.com/t/collisions-in-vr-and-movement/88690,https://d3kjluh73b9h9o.cloudfront.net/optimized/4X/5/9/a/59a8492218c1596a0fea6f43580133d25366610f_2_1024x576.jpeg,Collisions in VR and movement - XR Development - Epic Developer Community F...
Site,Scolor picker — html color codesBGNasc75,https://htmlcolorcodes.com/assets/images/icons/icon-192x192.png,2024-02-26T09:41:35.611Z,https://htmlcolorcodes.com/color-picker/,https://htmlcolorcodes.com/assets/images/html-color-codes-picker-charts-names-tutorials-resources.jpg,Color Picker — HTML Color Codes
Site,Scommand palettes - official tailwind css ui componentsjYc3UMK2,https://tailwindui.com/favicon.ico,2024-02-22T14:30:10.256Z,https://tailwindui.com/components/application-ui/navigation/command-palettes,https://tailwindui.com/img/og-default.png,Command Palettes - Official Tailwind CSS UI Components
Site,Scommunity tutorial: unreal engine 5-3-2 for meta quest vr - tutorial & course discussions - epic developer community forumsEgASyr8j,https://d3kjluh73b9h9o.cloudfront.net/optimized/4X/4/f/c/4fc78ce65be09c7e97b60a65447c99c078aca16b_2_32x32.png,2024-02-20T11:42:49.910Z,https://forums.unrealengine.com/t/community-tutorial-unreal-engine-5-3-2-for-meta-quest-vr/1376911,https://d3kjluh73b9h9o.cloudfront.net/original/4X/4/b/2/4b280f634b056c5ef927c55b924c348550827f02.png,Community Tutorial: Unreal Engine 5.3.2 for Meta Quest VR - Tutorial & Cour...
Site,Screating a chrome extension with react and typescript - logrocket blogb3W7vSPO,https://blog.logrocket.com/wp-content/uploads/2019/06/cropped-cropped-favicon-196x196.png?w=32,2024-02-26T00:15:12.971Z,https://blog.logrocket.com/creating-chrome-extension-react-typescript/,https://blog.logrocket.com/wp-content/uploads/2021/08/creating-chrome-extension-react-typescript.png,Creating a Chrome extension with React and TypeScript - LogRocket Blog
Site,Screating a new material in c++ - rendering - epic developer community forumsbl4aWb5u,https://d3kjluh73b9h9o.cloudfront.net/optimized/4X/4/f/c/4fc78ce65be09c7e97b60a65447c99c078aca16b_2_32x32.png,2024-02-20T11:42:49.897Z,https://forums.unrealengine.com/t/creating-a-new-material-in-c/357563,https://d3kjluh73b9h9o.cloudfront.net/original/4X/4/b/2/4b280f634b056c5ef927c55b924c348550827f02.png,Creating a new Material in C++ - Rendering - Epic Developer Community Forum...
Site,Sdialogs - official tailwind css ui componentsTF1ywJPh,https://tailwindui.com/favicon.ico,2024-02-22T14:28:51.413Z,https://tailwindui.com/components/application-ui/overlays/dialogs,https://tailwindui.com/img/og-default.png,Dialogs - Official Tailwind CSS UI Components
Site,Sdigital elevation model (dem) dataFKVy7EHH,https://docs.sentinel-hub.com/api/latest/static/favicon-0211032a7963283fad24e3b280053c45.ico,2024-02-20T11:42:49.895Z,https://docs.sentinel-hub.com/api/latest/data/dem/,https://www.sentinel-hub.com/img/og-image/satellite.png,Digital Elevation Model (DEM) Data
Site,Sdocumentation · mapzenI0769UGr,https://mapzen.com/assets/common/styleguide/images/favicons/favicon-16x16.png,2024-02-20T11:42:49.894Z,https://mapzen.com/documentation,test_thumnail,Documentation · Mapzen
Site,Sdotvision_mymotionOuoIw6sM,https://static.xx.fbcdn.net/rsrc.php/y5/r/m4nf26cLQxS.ico,2024-02-20T11:42:49.912Z,https://www.meta.com/s/1C6MMAdTq,https://scontent.oculuscdn.com/v/t64.5771-25/12138811_524847994357923_1042933681_n.jpg?_nc_cat=107&ccb=1-7&_nc_sid=93acac&_nc_ohc=Stn_ACqg1G4AX8nAv62&_nc_ht=scontent.oculuscdn.com&oh=00_AfBV0KDDvTuo5C1U0hgOWG19kBJ4LASbir2lsm3jUp0Eew&oe=65D9EA86,Dotvision_MyMotion
Site,Sdownloading images? imagewrapper? - #5 by thoth_fn - mobile - epic developer community forumsLeSKDmGw,https://d3kjluh73b9h9o.cloudfront.net/optimized/4X/4/f/c/4fc78ce65be09c7e97b60a65447c99c078aca16b_2_32x32.png,2024-02-20T11:42:49.933Z,https://forums.unrealengine.com/t/downloading-images-imagewrapper/25945/5,https://d3kjluh73b9h9o.cloudfront.net/original/4X/4/b/2/4b280f634b056c5ef927c55b924c348550827f02.png,Downloading Images? Imagewrapper? - #5 by Thoth_FN - Mobile - Epic Develope...
Site,Sevents in unreal engine | unreal engine 5-0 documentationAOX3fMDU,https://img.favpng.com/5/21/23/unreal-tournament-unreal-engine-4-game-engine-png-favpng-fFy5npbG23mSS0xzR35husFqa.jpg,2024-02-20T11:42:49.918Z,https://docs.unrealengine.com/5.0/en-US/events-in-unreal-engine/,https://docs.unrealengine.com/5.0/Images/placeholder-social.png,Events in Unreal Engine | Unreal Engine 5.0 Documentation
Site,Severnewjoy-victoryplugin: rama's victory bp pluginr44I43Zo,https://github.githubassets.com/favicons/favicon.svg,2024-02-20T11:42:49.932Z,https://github.com/EverNewJoy/VictoryPlugin,https://opengraph.githubassets.com/18a77f5b3c3a3bb5f14f268367e1a5ecc7e023fcedf86eac80db5936130c0bed/EverNewJoy/VictoryPlugin,EverNewJoy/VictoryPlugin: Rama's Victory BP Plugin
Site,Sfly-away physics collision trouble - world creation - epic developer community forumsDte1VXAk,https://d3kjluh73b9h9o.cloudfront.net/optimized/4X/4/f/c/4fc78ce65be09c7e97b60a65447c99c078aca16b_2_32x32.png,2024-02-20T11:42:49.921Z,https://forums.unrealengine.com/t/fly-away-physics-collision-trouble/439530,https://d3kjluh73b9h9o.cloudfront.net/original/4X/a/1/9/a19dab586c92cea491734f13eb14e293a015d3b0.png,Fly-away physics collision trouble - World Creation - Epic Developer Commun...
Site,Sfmath | unreal engine documentationqLy9Auny,https://img.favpng.com/5/21/23/unreal-tournament-unreal-engine-4-game-engine-png-favpng-fFy5npbG23mSS0xzR35husFqa.jpg,2024-02-20T11:42:49.908Z,https://docs.unrealengine.com/4.27/en-US/API/Runtime/Core/Math/FMath/,test_thumnail,FMath | Unreal Engine Documentation
Site,SgoulandiszyScmsAx,https://goulandis.github.io/images/favicon.png,2024-02-20T11:42:49.919Z,https://goulandis.github.io/,test_thumnail,Goulandis
Site,Sgraphics - how to read data from a utexture2d in c++ - stack overflowbkEx9EIq,https://cdn.sstatic.net/Sites/stackoverflow/Img/favicon.ico?v=ec617d715196,2024-02-20T11:42:49.907Z,https://stackoverflow.com/questions/37578939/how-to-read-data-from-a-utexture2d-in-c,https://cdn.sstatic.net/Sites/stackoverflow/Img/apple-touch-icon@2.png?v=73d79a89bded,graphics - How to read data from a UTexture2D in C++ - Stack Overflow
Site,Show can i get an image from a url and use it as a texture without using c++? - #2 by devilsd - rendering - epic developer community forumsbthEXrS0,https://d3kjluh73b9h9o.cloudfront.net/optimized/4X/4/f/c/4fc78ce65be09c7e97b60a65447c99c078aca16b_2_32x32.png,2024-02-20T11:42:49.933Z,https://forums.unrealengine.com/t/how-can-i-get-an-image-from-a-url-and-use-it-as-a-texture-without-using-c/342303/2,https://d3kjluh73b9h9o.cloudfront.net/original/4X/4/b/2/4b280f634b056c5ef927c55b924c348550827f02.png,How can I get an image from a URL and use it as a texture without using C++...
Site,Show to cast an actor from another actor - blueprint - epic developer community forumsDQnILXFU,https://d3kjluh73b9h9o.cloudfront.net/optimized/4X/4/f/c/4fc78ce65be09c7e97b60a65447c99c078aca16b_2_32x32.png,2024-02-20T11:42:49.936Z,https://forums.unrealengine.com/t/how-to-cast-an-actor-from-another-actor/504482,https://d3kjluh73b9h9o.cloudfront.net/optimized/4X/9/d/d/9dddfa6474f72dc83e0d70e9d8dd5c8bca0c543b_2_1024x712.jpeg,How to Cast an actor from another actor - Blueprint - Epic Developer Commun...
Site,Show to combine two textures - #2 by anonymous_user_95ce03cf - rendering - epic developer community forumsR26U1UrS,https://d3kjluh73b9h9o.cloudfront.net/optimized/4X/4/f/c/4fc78ce65be09c7e97b60a65447c99c078aca16b_2_32x32.png,2024-02-20T11:42:49.906Z,https://forums.unrealengine.com/t/how-to-combine-two-textures/338957/2,https://d3kjluh73b9h9o.cloudfront.net/original/4X/5/3/d/53ddd58b4f4509c72becb774874272558a2e0054.png,How to combine two textures - #2 by anonymous_user_95ce03cf - Rendering - E...
Site,Show to create a material using a texture in c++? - c++ - epic developer community forumsT5UcBf6v,https://d3kjluh73b9h9o.cloudfront.net/optimized/4X/4/f/c/4fc78ce65be09c7e97b60a65447c99c078aca16b_2_32x32.png,2024-02-20T11:42:49.905Z,https://forums.unrealengine.com/t/how-to-create-a-material-using-a-texture-in-c/497751,https://d3kjluh73b9h9o.cloudfront.net/original/4X/e/c/0/ec0035679d1fe8a8bc628e771f61bb0f51a00cc9.jpeg,How to create a material using a texture in c++? - C++ - Epic Developer Com...
Site,Show to create textures at runtime and assign them to a mesh? 2qEOkW9e,https://d3kjluh73b9h9o.cloudfront.net/optimized/4X/4/f/c/4fc78ce65be09c7e97b60a65447c99c078aca16b_2_32x32.png,2024-02-20T11:42:49.908Z,https://forums.unrealengine.com/t/how-to-create-textures-at-runtime-and-assign-them-to-a-mesh/238371/2,https://d3kjluh73b9h9o.cloudfront.net/original/4X/4/b/2/4b280f634b056c5ef927c55b924c348550827f02.png,"How to create textures at runtime and assign them to a mesh? "
Site,Show to make the vr hands' collision as complex shape which seperate each finger but not a shpere? - xr development - epic developer community forumsfLnCorJf,https://d3kjluh73b9h9o.cloudfront.net/optimized/4X/4/f/c/4fc78ce65be09c7e97b60a65447c99c078aca16b_2_32x32.png,2024-02-20T11:42:49.914Z,https://forums.unrealengine.com/t/how-to-make-the-vr-hands-collision-as-complex-shape-which-seperate-each-finger-but-not-a-shpere/232552,https://d3kjluh73b9h9o.cloudfront.net/original/4X/4/b/2/4b280f634b056c5ef927c55b924c348550827f02.png,How to make the VR hands' collision as complex shape which seperate each fi...
Site,Show to merge 2 (unique) textures into 1 larger texture - asset creation - epic developer community forumszTpo9gvz,https://d3kjluh73b9h9o.cloudfront.net/optimized/4X/4/f/c/4fc78ce65be09c7e97b60a65447c99c078aca16b_2_32x32.png,2024-02-20T11:42:49.905Z,https://forums.unrealengine.com/t/how-to-merge-2-unique-textures-into-1-larger-texture/363057,https://d3kjluh73b9h9o.cloudfront.net/original/4X/4/b/2/4b280f634b056c5ef927c55b924c348550827f02.png,How to merge 2 (unique) textures into 1 larger texture - Asset Creation - E...
Site,Show to merge 2 2d texture assets into 1? - #2 by recoursedesign - programming & scripting - epic developer community forumsx08LT9Yn,https://d3kjluh73b9h9o.cloudfront.net/optimized/4X/4/f/c/4fc78ce65be09c7e97b60a65447c99c078aca16b_2_32x32.png,2024-02-20T11:42:49.905Z,https://forums.unrealengine.com/t/how-to-merge-2-2d-texture-assets-into-1/1189912/2,https://d3kjluh73b9h9o.cloudfront.net/original/4X/4/b/2/4b280f634b056c5ef927c55b924c348550827f02.png,How to merge 2 2D Texture assets into 1? - #2 by RecourseDesign - Programmi...
Site,Show to rotate a object(wheel-propeller) when using rotating movement component?ZM5yj7FJ,https://d3kjluh73b9h9o.cloudfront.net/optimized/4X/4/f/c/4fc78ce65be09c7e97b60a65447c99c078aca16b_2_32x32.png,2024-02-20T11:42:49.919Z,https://forums.unrealengine.com/t/how-to-rotate-a-object-wheel-propeller-when-using-rotating-movement-component/506265/2,https://d3kjluh73b9h9o.cloudfront.net/original/4X/3/7/8/378455078f9d5e62b649b65c69c6e75a40c21351.jpeg,How to rotate a object(wheel/propeller) when using Rotating Movement Compon...
Site,Show to set up android sdk and ndk for your unreal engine development environment  | unreal engine 5-0 documentationcw1w1zei,https://img.favpng.com/5/21/23/unreal-tournament-unreal-engine-4-game-engine-png-favpng-fFy5npbG23mSS0xzR35husFqa.jpg,2024-02-20T11:42:49.935Z,https://docs.unrealengine.com/5.0/en-US/how-to-set-up-android-sdk-and-ndk-for-your-unreal-engine-development-environment/,https://docs.unrealengine.com/5.0/Images/placeholder-social.png,How to Set Up Android SDK and NDK For Your Unreal Engine Development Enviro...
Site,Show to use box collision with vr hands on ue5? - #2 by supportiveentity - blueprint - epic developer community forumsHbYu9t4o,https://d3kjluh73b9h9o.cloudfront.net/optimized/4X/4/f/c/4fc78ce65be09c7e97b60a65447c99c078aca16b_2_32x32.png,2024-02-20T11:42:49.914Z,https://forums.unrealengine.com/t/how-to-use-box-collision-with-vr-hands-on-ue5/1208454/2,https://d3kjluh73b9h9o.cloudfront.net/original/4X/1/5/1/15125354d25df802db805ad9bd87c8ed4e7e900e.jpeg,How to use box collision with VR hands on UE5? - #2 by SupportiveEntity - B...
Site,Shttp requests for blueprints in code plugins - ue marketplace0nx7dnbc,https://img.favpng.com/5/21/23/unreal-tournament-unreal-engine-4-game-engine-png-favpng-fFy5npbG23mSS0xzR35husFqa.jpg,2024-02-20T11:42:49.932Z,https://www.unrealengine.com/marketplace/en-US/product/http-requests-for-blueprints?sessionInvalidated=true,https://cdn1.epicgames.com/ue/product/Featured/HTTPRequestsforBlueprints_featured-894x488-6cd00d9eb8785f91e8a59b22396319f4.png,HTTP Requests for Blueprints in Code Plugins - UE Marketplace
Site,"Sintroducing multiple expansion files: for mobile, rift, and future oculus platforms-Rc0AzIPA",https://developer.oculus.com/favicon.ico?is_staging=0,2024-02-20T11:42:49.935Z,https://developer.oculus.com/blog/introducing-multiple-expansion-files-for-mobile-rift-and-future-platforms/,https://scontent.oculuscdn.com/v/t64.5771-25/38974639_749794245435705_580723670553460736_n.png?_nc_cat=111&ccb=1-7&_nc_sid=e280be&_nc_ohc=UNhCtmcw1aoAX-irSE9&_nc_oc=AQn-jr_8iD6C_wYfHHMf02L3NoXdU2fq5rmE6cKq2dPkJoj2aR2s8KgPLSNEtDGjYgA&_nc_ht=scontent.oculuscdn.com&oh=00_AfAnlr-7ZB47E08NuXQC0iQGnifRv3vFkGekGdv-ESuYww&oe=65EEE963,"Introducing multiple expansion files: for Mobile, Rift, and future Oculus p..."
Site,Sjoerd-docs -data-sources-mdGvj1ALnt,https://github.githubassets.com/favicons/favicon.png,2024-02-20T11:42:49.895Z,https://github.com/tilezen/joerd/blob/master/docs/data-sources.md,https://raw.githubusercontent.com/tilezen/joerd/master/docs/images/footprints-preview.png,joerd/docs /data-sources.md
Site,Slearn how to use unreal engine - a powerful real-time 3d creation platformueHUV6UK,https://img.favpng.com/5/21/23/unreal-tournament-unreal-engine-4-game-engine-png-favpng-fFy5npbG23mSS0xzR35husFqa.jpg,2024-02-20T11:42:49.893Z,https://www.unrealengine.com/en-US/learn,https://cdn2.unrealengine.com/new-logo-share-1400x788-03-1400x788-c9d09f067a09.jpg,Learn How to Use Unreal Engine - A Powerful Real-Time 3D Creation Platform
Site,Slighting difference in editor and build with oculus questAplVv0Ba,https://www.redditstatic.com/shreddit/assets/favicon/64x64.png,2024-02-20T11:42:49.913Z,https://www.reddit.com/r/unrealengine/comments/k8054y/lighting_difference_in_editor_and_build_with/?rdt=41341,https://www.reddit.com/r/unrealengine/comments/k8054y/lighting_difference_in_editor_and_build_with/?rdt=41341,Lighting difference in Editor and Build with Oculus Quest
Site,Slighting on the oculus quest - xr development - epic developer community forums7Q8zX57Q,https://d3kjluh73b9h9o.cloudfront.net/optimized/4X/4/f/c/4fc78ce65be09c7e97b60a65447c99c078aca16b_2_32x32.png,2024-02-20T11:42:49.913Z,https://forums.unrealengine.com/t/lighting-on-the-oculus-quest/138178,https://d3kjluh73b9h9o.cloudfront.net/original/3X/1/4/14fc18c134c5643d5d783e5c22ab7418133dfec8.jpeg,Lighting on the Oculus Quest - XR Development - Epic Developer Community Fo...
Site,"Slighting settings for vr, messed up on light build - debugging, optimization, & profiling - epic developer community forumsGJuMYWH4",https://d3kjluh73b9h9o.cloudfront.net/optimized/4X/4/f/c/4fc78ce65be09c7e97b60a65447c99c078aca16b_2_32x32.png,2024-02-20T11:42:49.913Z,https://forums.unrealengine.com/t/lighting-settings-for-vr-messed-up-on-light-build/626120,https://d3kjluh73b9h9o.cloudfront.net/optimized/4X/8/0/c/80c4174a4b00912b21dc67d924f10866c304cc1f_2_1024x1024.jpeg,"Lighting settings for VR, messed up on Light Build - Debugging, Optimizatio..."
Site,Smath material expressions in unreal engine | unreal engine 5-2 documentationizDf4Cz1,https://img.favpng.com/5/21/23/unreal-tournament-unreal-engine-4-game-engine-png-favpng-fFy5npbG23mSS0xzR35husFqa.jpg,2024-02-20T11:42:49.906Z,https://docs.unrealengine.com/5.2/en-US/math-material-expressions-in-unreal-engine/,https://docs.unrealengine.com/5.1/Images/placeholder-social.png,Math Material Expressions in Unreal Engine | Unreal Engine 5.2 Documentatio...
Site,Smedia framework technical reference | unreal engine 4-27 documentations6h8pwog,https://img.favpng.com/5/21/23/unreal-tournament-unreal-engine-4-game-engine-png-favpng-fFy5npbG23mSS0xzR35husFqa.jpg,2024-02-20T11:42:49.933Z,https://docs.unrealengine.com/4.27/en-US/WorkingWithMedia/IntegratingMedia/MediaFramework/TechReference/,https://docs.unrealengine.com/4.27/Images/placeholder-social.png,Media Framework Technical Reference | Unreal Engine 4.27 Documentation
Site,Smode peinture de paysage dans l'unreal engine | unreal engine 5-1 documentation2f9zXcAy,https://img.favpng.com/5/21/23/unreal-tournament-unreal-engine-4-game-engine-png-favpng-fFy5npbG23mSS0xzR35husFqa.jpg,2024-02-21T15:55:49.135Z,https://docs.unrealengine.com/5.1/fr/landscape-paint-mode-in-unreal-engine/,https://docs.unrealengine.com/5.1/Images/placeholder-social.png,Mode peinture de Paysage dans l'Unreal Engine | Unreal Engine 5.1 Documenta...
Site,Snavigating the world in vr mode | unreal engine 5-0 documentationKvLGouIT,https://img.favpng.com/5/21/23/unreal-tournament-unreal-engine-4-game-engine-png-favpng-fFy5npbG23mSS0xzR35husFqa.jpg,2024-02-20T11:42:49.914Z,https://docs.unrealengine.com/5.0/en-US/navigating-the-world-in-vr-mode/,https://docs.unrealengine.com/5.0/Images/placeholder-social.png,Navigating the World in VR Mode | Unreal Engine 5.0 Documentation
Site,Snotifications - official tailwind css ui componentsqTJBUCaq,https://tailwindui.com/favicon.ico,2024-02-22T14:29:05.273Z,https://tailwindui.com/components/application-ui/overlays/notifications,https://tailwindui.com/img/og-default.png,Notifications - Official Tailwind CSS UI Components
Site,Sorganisation d'un graphique de matériau dans unreal engine | unreal engine 5-3 documentationwivpy5vM,https://img.favpng.com/5/21/23/unreal-tournament-unreal-engine-4-game-engine-png-favpng-fFy5npbG23mSS0xzR35husFqa.jpg,2024-02-20T11:42:49.908Z,https://docs.unrealengine.com/5.3/fr/organizing-a-material-graph-in-unreal-engine/,https://docs.unrealengine.com/5.1/Images/placeholder-social.png,Organisation d'un graphique de matériau dans Unreal Engine | Unreal Engine ...
Site,Spackaging unreal engine projects | unreal engine 5-3 documentationj4I9LFOs,https://img.favpng.com/5/21/23/unreal-tournament-unreal-engine-4-game-engine-png-favpng-fFy5npbG23mSS0xzR35husFqa.jpg,2024-02-20T11:42:49.935Z,https://docs.unrealengine.com/5.3/en-US/packaging-unreal-engine-projects/,https://docs.unrealengine.com/5.1/Images/placeholder-social.png,Packaging Unreal Engine Projects | Unreal Engine 5.3 Documentation
Site,Spetr leontev - tech entrepreneur & unreal engineer  | efficient and asynchronous creation of textures at runtime in unreal engineSaJBx1bO,"data:image/png;base64,iVBORw0KGgoAAAANSUhEUgAAADAAAAAwCAYAAABXAvmHAAAABmJLR0QA/wD/AP+gvaeTAAAACXBIWXMAAAsSAAALEgHS3X78AAAAB3RJTUUH4wQWCTow0Fe4VQAAASBJREFUaN7t101Kw0AYh/FfStwKeoHi2rUg0r2C4N4DuPAo4gk8h4eQIq5EN34dQBfa7vwgbiKUodCS1jQD7wMhvIF/kifMvJkhCIIgCDKmSOpqjkyFEd7xgCEu6/O8VDPeozHVAsc1dho+RxcEKnzipEsC0+hhEwOcY5xkvnHQZYGULdwluSeUuQj8SYyS7HEbAr0lib/gIrm2v4q2usiXGSTZ+5yGkHpiT2bfchMop7TUbOYArCf1RxtjfpkC20n9mpvAUVIPc+pC/VX9B5Zx4z5uk9wz1roqUGADezirJ+tk5geHua5Gv3Ca63L6Brtt7wfKhpLjekf2OLEju1pF15klUOg4PZkTAiEQAiEQAv/6I2tzGR9DKAiCIAiy4xcOsNjd4974mwAAAABJRU5ErkJggg==",2024-02-20T11:42:49.908Z,https://peterleontev.com/blog/efficient_construction_of_textures/,test_thumnail,Petr Leontev - Tech Entrepreneur & Unreal Engineer  | Efficient and asynchr...
Site,Sphotopea | online photo editorD5fBHJZZ,https://www.photopea.com/promo/icon512.png,2024-02-20T11:42:49.931Z,https://www.photopea.com/,test_thumnail,Photopea | Online Photo Editor
Site,Sphysics constraint component user guide | unreal engine 4-27 documentationkRN52rTD,https://img.favpng.com/5/21/23/unreal-tournament-unreal-engine-4-game-engine-png-favpng-fFy5npbG23mSS0xzR35husFqa.jpg,2024-02-20T11:42:49.915Z,https://docs.unrealengine.com/4.27/en-US/InteractiveExperiences/Physics/Constraints/ConstraintsBlueprints/,https://docs.unrealengine.com/4.27/Images/placeholder-social.png,Physics Constraint Component User Guide | Unreal Engine 4.27 Documentation
Site,Sphysics constraints in unreal engine | unreal engine 5-3 documentation3wEzChA1,https://img.favpng.com/5/21/23/unreal-tournament-unreal-engine-4-game-engine-png-favpng-fFy5npbG23mSS0xzR35husFqa.jpg,2024-02-20T11:42:49.916Z,https://docs.unrealengine.com/5.3/en-US/physics-constraints-in-unreal-engine/,https://docs.unrealengine.com/5.1/Images/placeholder-social.png,Physics Constraints in Unreal Engine | Unreal Engine 5.3 Documentation
Site,Sphysics object flies away due the collision with the landscape - programming & scripting - epic developer community forums9xAyj3PO,https://d3kjluh73b9h9o.cloudfront.net/optimized/4X/4/f/c/4fc78ce65be09c7e97b60a65447c99c078aca16b_2_32x32.png,2024-02-20T11:42:49.921Z,https://forums.unrealengine.com/t/physics-object-flies-away-due-the-collision-with-the-landscape/794718,https://d3kjluh73b9h9o.cloudfront.net/original/4X/4/b/2/4b280f634b056c5ef927c55b924c348550827f02.png,physics object flies away due the collision with the landscape - Programmin...
Site,Splay a video stream | unreal engine 4-27 documentationbcAUnCJF,https://img.favpng.com/5/21/23/unreal-tournament-unreal-engine-4-game-engine-png-favpng-fFy5npbG23mSS0xzR35husFqa.jpg,2024-02-20T11:42:49.933Z,https://docs.unrealengine.com/4.27/en-US/WorkingWithMedia/IntegratingMedia/MediaFramework/HowTo/StreamMediaSource/,https://docs.unrealengine.com/4.27/Images/placeholder-social.png,Play a Video Stream | Unreal Engine 4.27 Documentation
Site,"Spreview apps cover image change - alpha channel re--- - meta community forums - 963738
IB5tYlSO",https://communityforums.atmeta.com/html/@04C305FE78126711BC668E52B4451B49/assets/M_Favicon_1632.ico,2024-02-20T11:42:49.912Z,https://communityforums.atmeta.com/t5/Developer-Dashboard/Preview-Apps-cover-image-change-Alpha-channel-release/td-p/963738,https://forums.oculusvr.com/html/assets/Meta%20logo-1.jpg,Preview Apps cover image change - Alpha channel re... - Meta Community Foru...
Site,Spricing – 3d-mapper | create your own 3d map onlinequ7nCvNr,https://3d-mapper.com/wp-content/uploads/2022/09/3d-mapper-fav.png,2024-02-20T11:42:49.898Z,https://3d-mapper.com/pricing/,https://3d-mapper.com/wp-content/uploads/2022/09/3d-mapper-logo-color-dark.png,Pricing – 3D-Mapper | Create Your Own 3D Map Online
Site,Sprocedurals material functions in unreal engine | unreal engine 5-0 documentationfqElPdVR,https://img.favpng.com/5/21/23/unreal-tournament-unreal-engine-4-game-engine-png-favpng-fFy5npbG23mSS0xzR35husFqa.jpg,2024-02-20T11:42:49.930Z,https://docs.unrealengine.com/5.0/en-US/procedurals-material-functions-in-unreal-engine/,https://docs.unrealengine.com/5.0/Images/placeholder-social.png,Procedurals Material Functions in Unreal Engine | Unreal Engine 5.0 Documen...
Site,Sprojection de mercator - wikiwandKMfnRaq2,https://wikiwandv2-19431.kxcdn.com/icons/icon-32x32.png,2024-02-21T10:37:50.431Z,https://www.wikiwand.com/fr/Projection_de_Mercator,https://upload.wikimedia.org/wikipedia/commons/thumb/7/74/Mercator-projection.jpg/1500px-Mercator-projection.jpg?Projection_de_Mercator210360802,Projection de Mercator - Wikiwand
Site,Srecommended asset naming conventions in unreal engine projects- | unreal engine 4-27 documentationg5uYq6YM,https://img.favpng.com/5/21/23/unreal-tournament-unreal-engine-4-game-engine-png-favpng-fFy5npbG23mSS0xzR35husFqa.jpg,2024-02-20T11:42:49.893Z,https://docs.unrealengine.com/4.27/en-US/ProductionPipelines/AssetNaming/,https://docs.unrealengine.com/4.27/Images/placeholder-social.png,Recommended Asset Naming Conventions in Unreal Engine projects. | Unreal En...
Site,Srepeat action | unreal engine documentationmhQzNowo,https://img.favpng.com/5/21/23/unreal-tournament-unreal-engine-4-game-engine-png-favpng-fFy5npbG23mSS0xzR35husFqa.jpg,2024-02-20T11:42:49.930Z,https://docs.unrealengine.com/4.26/en-US/BlueprintAPI/Ability/Tasks/RepeatAction/,test_thumnail,Repeat Action | Unreal Engine Documentation
Site,Ssend variable between 2 blueprints in unreal M5lWZgcf,https://i0.wp.com/spaceplace.gibsonmartelli.com/wp-content/uploads/2016/08/cropped-XYZFavi.png?fit=32%2C32&ssl=1,2024-02-20T11:42:49.936Z,https://spaceplace.gibsonmartelli.com/2017/12/30/send-variable-between-2-blueprints-in-unreal/,https://i0.wp.com/spaceplace.gibsonmartelli.com/wp-content/uploads/2017/12/image_126019.png?fit=1200%2C488&ssl=1,"Send variable between 2 Blueprints in Unreal "
Site,Sset actor location and rotation | unreal engine documentationyIJ6Hxv3,https://img.favpng.com/5/21/23/unreal-tournament-unreal-engine-4-game-engine-png-favpng-fFy5npbG23mSS0xzR35husFqa.jpg,2024-02-20T11:42:49.929Z,https://docs.unrealengine.com/5.1/en-US/BlueprintAPI/Transformation/SetActorLocationAndRotation/,https://docs.unrealengine.com/5.0/Images/placeholder-social.png,Set Actor Location And Rotation | Unreal Engine Documentation
Site,Sset and get an actor reference in unreal engine | unreal engine 5-3 documentation1upvRoSY,https://img.favpng.com/5/21/23/unreal-tournament-unreal-engine-4-game-engine-png-favpng-fFy5npbG23mSS0xzR35husFqa.jpg,2024-02-20T11:42:49.935Z,https://docs.unrealengine.com/5.3/en-US/set-and-get-an-actor-reference-in-unreal-engine/,https://docs.unrealengine.com/5.1/Images/placeholder-social.png,Set and Get an Actor Reference in Unreal Engine | Unreal Engine 5.3 Documen...
Site,Sset the vr pawn location and rotation to camera - programming & scripting - epic developer community forumsJD4Zgbv4,https://d3kjluh73b9h9o.cloudfront.net/optimized/4X/4/f/c/4fc78ce65be09c7e97b60a65447c99c078aca16b_2_32x32.png,2024-02-20T11:42:49.916Z,https://forums.unrealengine.com/t/set-the-vr-pawn-location-and-rotation-to-camera/1285001,https://d3kjluh73b9h9o.cloudfront.net/original/4X/4/b/2/4b280f634b056c5ef927c55b924c348550827f02.png,Set the VR Pawn location and rotation to camera - Programming & Scripting -...
Site,Ssetting up character movement | unreal engine 4-27 documentationiTzzS2Bn,https://img.favpng.com/5/21/23/unreal-tournament-unreal-engine-4-game-engine-png-favpng-fFy5npbG23mSS0xzR35husFqa.jpg,2024-02-20T11:42:49.917Z,https://docs.unrealengine.com/4.27/en-US/InteractiveExperiences/HowTo/CharacterMovement/,https://docs.unrealengine.com/4.27/Images/placeholder-social.png,Setting Up Character Movement | Unreal Engine 4.27 Documentation
Site,Ssetting up character movement | unreal engine 5-0 documentationi4sL8A5q,https://img.favpng.com/5/21/23/unreal-tournament-unreal-engine-4-game-engine-png-favpng-fFy5npbG23mSS0xzR35husFqa.jpg,2024-02-20T11:42:49.917Z,https://docs.unrealengine.com/5.0/en-US/setting-up-character-movement/,https://docs.unrealengine.com/5.0/Images/placeholder-social.png,Setting Up Character Movement | Unreal Engine 5.0 Documentation
Site,Ssetting up collisions with static meshes in unreal engine | unreal engine 5-3 documentationOQMkqSoZ,https://img.favpng.com/5/21/23/unreal-tournament-unreal-engine-4-game-engine-png-favpng-fFy5npbG23mSS0xzR35husFqa.jpg,2024-02-20T11:42:49.912Z,https://docs.unrealengine.com/5.3/en-US/setting-up-collisions-with-static-meshes-in-unreal-engine/,https://docs.unrealengine.com/5.1/Images/placeholder-social.png,Setting Up Collisions With Static Meshes in Unreal Engine | Unreal Engine 5...
Site,Ssigning android projects for release on the google play store with unreal engine | unreal engine 5-3 documentation4aUFYLKb,https://img.favpng.com/5/21/23/unreal-tournament-unreal-engine-4-game-engine-png-favpng-fFy5npbG23mSS0xzR35husFqa.jpg,2024-02-20T11:42:49.911Z,https://docs.unrealengine.com/5.3/en-US/signing-android-projects-for-release-on-the-google-play-store-with-unreal-engine/,https://docs.unrealengine.com/5.1/Images/placeholder-social.png,Signing Android Projects for Release on the Google Play Store with Unreal E...
Site,Sslower event tickdtFc7VM5,https://www.redditstatic.com/shreddit/assets/favicon/64x64.png,2024-02-20T11:42:49.930Z,https://www.reddit.com/r/unrealengine/comments/vu65z1/slower_event_tick/,https://preview.redd.it/if2bzwvk9ba91.png?width=593&format=png&auto=webp&s=66868eaf318719a878cf11514e7d3c2c6b20a911,Slower event tick
Site,SsourcegeneratorQ6itHJUL,http://localhost:3000/icon.jpg,2024-02-22T09:59:08.597Z,http://localhost:3000/,test_thumnail,SourceGenerator
Site,Sstb-stb_image-h3NtQeYoU,	https://github.githubassets.com/favicons/favicon.svg,2024-02-20T11:42:49.909Z,https://github.com/nothings/stb/blob/master/stb_image.h,test_thumnail,stb-stb_image.h
Site,Ssupported xr devices in unreal engine | unreal engine 5-3 documentationqmg1ALnS,https://img.favpng.com/5/21/23/unreal-tournament-unreal-engine-4-game-engine-png-favpng-fFy5npbG23mSS0xzR35husFqa.jpg,2024-02-20T11:42:49.893Z,https://docs.unrealengine.com/5.3/en-US/supported-xr-devices-in-unreal-engine/,https://docs.unrealengine.com/5.1/Images/placeholder-social.png,Supported XR Devices in Unreal Engine | Unreal Engine 5.3 Documentation
Site,Stangramzk3buSe4,,2024-02-22T11:48:47.196Z,https://tangrams.github.io/spheremap-demos/#3.25/75.33/-29.82,,Tangram
Site,Sterrain tiles - registry of open data on awsubTfWYbN,https://a0.awsstatic.com/libra-css/images/site/fav/favicon.ico,2024-02-20T11:42:49.894Z,https://registry.opendata.aws/terrain-tiles/,test_thumnail,Terrain Tiles - Registry of Open Data on AWS
Site,"Stexture merging with ucanvasrendertarget2d - old ue4 wiki
  sEVt1G6v",https://github.githubassets.com/favicons/favicon.png,2024-02-20T11:42:49.904Z,https://nerivec.github.io/old-ue4-wiki/pages/texture-merging-with-ucanvasrendertarget2d.html,test_thumnail,"Texture Merging With UCanvasRenderTarget2D - Old UE4 Wiki
  "
Site,Stransfer actors between levels? - blueprint - epic developer community forumsroubeFB1,https://d3kjluh73b9h9o.cloudfront.net/optimized/4X/4/f/c/4fc78ce65be09c7e97b60a65447c99c078aca16b_2_32x32.png,2024-02-20T11:42:49.935Z,https://forums.unrealengine.com/t/transfer-actors-between-levels/128043,https://d3kjluh73b9h9o.cloudfront.net/original/4X/4/b/2/4b280f634b056c5ef927c55b924c348550827f02.png,Transfer Actors Between Levels? - Blueprint - Epic Developer Community Foru...
Site,Stutoriel vidéo google chrome : créer une extension | grafikartSZStTdPv,https://grafikart.fr/favicon.ico,2024-02-20T22:59:58.876Z,https://grafikart.fr/tutoriels/extension-chrome-666,https://grafikart.fr/uploads/attachments/2015/666-600a91d504c78663516418.jpg,Tutoriel vidéo Google Chrome : Créer une extension | Grafikart
Site,Stéléchargez une image – remove-bgGUAN7ejp,https://www.remove.bg/favicon-32x32.png?v=YAXaAv7pao,2024-02-20T11:42:49.913Z,https://www.remove.bg/fr/upload,https://www.remove.bg/images/remove_image_background.jpg,Téléchargez une image – remove.bg
Site,Sue4 - programmatically create a new material and inner nodes - isara tech-RxEpQOTH,https://i0.wp.com/isaratech.com/wp-content/uploads/2018/09/cropped-Mini-Isara-Tech.png?fit=32%2C32&ssl=1,2024-02-20T11:42:49.897Z,https://isaratech.com/ue4-programmatically-create-a-new-material-and-inner-nodes/,https://i1.wp.com/isaratech.com/wp-content/uploads/2017/11/UE4ProgrammaticallyCreate.png?fit=1018%2C440&ssl=1,UE4 - Programmatically create a new material and inner nodes - Isara Tech.
Site,Sue4 create texture from c++ - stack overflowchegkwQV,https://cdn.sstatic.net/Sites/stackoverflow/Img/favicon.ico?v=ec617d715196,2024-02-20T11:42:49.906Z,https://stackoverflow.com/questions/69825280/ue4-create-texture-from-c,https://cdn.sstatic.net/Sites/stackoverflow/Img/apple-touch-icon@2.png?v=73d79a89bded,UE4 create texture from C++ - Stack Overflow
Site,Sunreal engine 5-3-2 for meta quest vr | community tutorialQ9cVGED8,https://dev.epicgames.com/community/assets/images/favicon-light.png,2024-02-20T11:42:49.910Z,https://dev.epicgames.com/community/learning/tutorials/3Vx6/unreal-engine-5-3-2-for-meta-quest-vr,https://ue-cdn.artstation.com/imgproxy/5kbQmrMCrm-zxYP0XywlaqBfIxExvnYvo7M0uMfm8YU/filename:Thub.png/resizing_type:fill/width:640/height:640/aHR0cHM6Ly9kMWl2N2RiNDR5aGd4bi5jbG91ZGZyb250Lm5ldC9pbWFnZXMvODRmMTVmYjctMjM3OS00YWI2LWFmM2MtYmM2MDY0Mzg2YjhhL3RodWIucG5n,Unreal Engine 5.3.2 for Meta Quest VR | Community tutorial
Site,Sunreal engine fraZO8QFf0,https://th.bing.com/th/id/OIP.EZkdm25nbQDs_PjFN8hmewAAAA?rs=1&pid=ImgDetMain,2024-02-20T11:55:01.383Z,https://discord.gg/unreal-engine-fr-293047579288272897,https://cdn.discordapp.com/splashes/293047579288272897/39b1eb91bb49fe2144c127407bd30fd6.jpg?size=512,Unreal Engine FR
Site,Supload an image using http post request c++ | community tutorialIGkQwkYm,https://dev.epicgames.com/community/assets/images/favicon-light.png,2024-02-20T11:42:49.893Z,https://dev.epicgames.com/community/learning/tutorials/R6rv/unreal-engine-upload-an-image-using-http-post-request-c,https://ue-cdn.artstation.com/imgproxy/7xuYInWefF5rCPBtQHJDIgVH_9vJBdCO7ayp-I6AvuI/filename:unreal_kick+copy.jpg/resizing_type:fill/width:640/height:640/aHR0cHM6Ly9kMWl2N2RiNDR5aGd4bi5jbG91ZGZyb250Lm5ldC9pbWFnZXMvNTlkMjZmOTgtMWE1Ny00ZDdhLThjMGUtYTQyNDdkOGJlOWFmL3VucmVhbF9raWNrLWNvcHkuanBn,Upload an image using HTTP POST request C++ | Community tutorial
Site,Sutexture2d | unreal engine 5-2 documentationSdOzgBma,https://img.favpng.com/5/21/23/unreal-tournament-unreal-engine-4-game-engine-png-favpng-fFy5npbG23mSS0xzR35husFqa.jpg,2024-02-20T11:42:49.907Z,https://docs.unrealengine.com/5.3/en-US/API/Runtime/Engine/Engine/UTexture2D/,https://docs.unrealengine.com/5.1/Images/placeholder-social.png,UTexture2D | Unreal Engine 5.2 Documentation
Site,"Svictory plugin ~ 's extra blueprint nodes for ue5, no c++ required! - blueprint - epic developer community forumsQWZAa6E0",https://d3kjluh73b9h9o.cloudfront.net/optimized/4X/4/f/c/4fc78ce65be09c7e97b60a65447c99c078aca16b_2_32x32.png,2024-02-20T11:42:49.932Z,https://forums.unrealengine.com/t/victory-plugin-s-extra-blueprint-nodes-for-ue5-no-c-required/231476,https://d3kjluh73b9h9o.cloudfront.net/optimized/3X/7/7/77e4f113c9c459d1c247fe75820007143875ef5d_2_1024x575.jpeg,"Victory Plugin ~ 's Extra Blueprint Nodes for UE5, No C++ Required! - Bluep..."
Site,Svr navigation mesh unreal quick guide7NlsXFXL,https://i0.wp.com/spaceplace.gibsonmartelli.com/wp-content/uploads/2016/08/cropped-XYZFavi.png?fit=32%2C32&ssl=1,2024-02-20T11:42:49.934Z,https://spaceplace.gibsonmartelli.com/2020/02/17/vr-navigation-mesh-unreal-quick-guide/,https://i0.wp.com/spaceplace.gibsonmartelli.com/wp-content/uploads/2020/02/nav-for-VRmarked-up.png?fit=1200%2C660&ssl=1,VR Navigation Mesh Unreal Quick guide
Site,Svr template in unreal engine | unreal engine 5-0 documentationwJjWFnHn,https://img.favpng.com/5/21/23/unreal-tournament-unreal-engine-4-game-engine-png-favpng-fFy5npbG23mSS0xzR35husFqa.jpg,2024-02-20T11:42:49.893Z,https://docs.unrealengine.com/5.0/en-US/vr-template-in-unreal-engine/,https://docs.unrealengine.com/5.0/Images/placeholder-social.png,VR Template in Unreal Engine | Unreal Engine 5.0 Documentation
Site,Sweb browser plugin [umg] - marketplace - epic developer community forums4fRwtqGe,https://d3kjluh73b9h9o.cloudfront.net/optimized/4X/4/f/c/4fc78ce65be09c7e97b60a65447c99c078aca16b_2_32x32.png,2024-02-20T11:42:49.918Z,https://forums.unrealengine.com/t/web-browser-plugin-umg/148085,https://d3kjluh73b9h9o.cloudfront.net/optimized/4X/6/b/b/6bb1c1e66c0bcca6e9064fcd93c7777fefc45d52_2_1024x576.jpeg,Web Browser Plugin [UMG] - Marketplace - Epic Developer Community Forums
Site,Sweb browser widget | unreal engine community wikiMiW2LTbO,https://unrealcommunity.wiki/favicon.png,2024-02-20T11:42:49.919Z,https://unrealcommunity.wiki/web-browser-widget-13f406,test_thumnail,Web Browser Widget | Unreal Engine Community Wiki
Video,V5 intelligences artificielles qui révolutionnent la création 3d ! - youtubedoZjtDGO,https://www.youtube.com/s/desktop/87423d78/img/favicon_32x32.png,2024-02-20T11:42:49.919Z,https://www.youtube.com/watch?v=NUkXgD-lRiA,https://i.ytimg.com/vi/NUkXgD-lRiA/maxresdefault.jpg,5 intelligences artificielles qui révolutionnent la création 3D ! - YouTube
Video,V5 tricks you (probably) don't know about unreal engine 5 - youtubeamCcsJNf,https://www.youtube.com/s/desktop/87423d78/img/favicon_32x32.png,2024-02-20T11:42:49.902Z,https://youtu.be/ZF7Vwc8L1ok,https://i.ytimg.com/vi/ZF7Vwc8L1ok/maxresdefault.jpg,5 Tricks you (probably) don't know about Unreal Engine 5 - YouTube
Video,Vadding virtual hands to the vr pawn in unreal engine - youtube46mgq4IU,https://www.youtube.com/s/desktop/87423d78/img/favicon_32x32.png,2024-02-20T11:42:49.915Z,https://www.youtube.com/watch?v=P1y2GARONiM,https://i.ytimg.com/vi/P1y2GARONiM/maxresdefault.jpg,Adding Virtual Hands to the VR Pawn in Unreal Engine - YouTube
Video,Vadvanced ui templating techniques using widget blueprints and materials | unreal fest 2022 - youtube2ElV61Bp,https://www.youtube.com/s/desktop/87423d78/img/favicon_32x32.png,2024-02-20T11:42:49.932Z,https://youtu.be/dSTdAToJ7Gg,https://i.ytimg.com/vi/dSTdAToJ7Gg/maxresdefault.jpg,Advanced UI Templating Techniques using Widget Blueprints and Materials | U...
Video,Vai random roam | basic roaming - unreal engine 5 tutorial - youtubepgx8uHtR,https://www.youtube.com/s/desktop/87423d78/img/favicon_32x32.png,2024-02-20T11:42:49.924Z,https://youtu.be/Mi7r0LqUmOE,https://i.ytimg.com/vi/Mi7r0LqUmOE/maxresdefault.jpg,AI Random Roam | Basic Roaming - Unreal Engine 5 Tutorial - YouTube
Video,Vapprendre unreal engine 5 de a à z (formation débutants) - youtubeMb0wT2qz,https://www.youtube.com/s/desktop/87423d78/img/favicon_32x32.png,2024-02-20T11:42:49.896Z,https://youtu.be/hn98tbztoBg,https://i.ytimg.com/vi/hn98tbztoBg/maxresdefault.jpg,Apprendre Unreal Engine 5 de A à Z (Formation Débutants) - YouTube
Video,Vbrushify - smartbrush system for unreal engine 5 - youtubeJYEwE7oX,https://www.youtube.com/s/desktop/87423d78/img/favicon_32x32.png,2024-02-20T11:42:49.925Z,https://youtu.be/xKPqqmPJGTI,https://i.ytimg.com/vi/xKPqqmPJGTI/maxresdefault.jpg,Brushify - SmartBrush System for UNREAL ENGINE 5 - YouTube
Video,Vbuild user interfaces in virtual reality for unreal engine 5 - youtube3omsNyZD,https://www.youtube.com/s/desktop/87423d78/img/favicon_32x32.png,2024-02-20T11:42:49.896Z,https://youtu.be/kM27HYbpvc0,https://i.ytimg.com/vi/kM27HYbpvc0/maxresdefault.jpg,Build User Interfaces In VIRTUAL REALITY For Unreal Engine 5 - YouTube
Video,"Vbuild your own dockerfile, image, and container - docker tutorial - youtubeBwzuBXKA",https://www.youtube.com/s/desktop/0f128ffd/img/favicon_32x32.png,2024-02-26T10:32:38.613Z,https://youtu.be/SnSH8Ht3MIc,https://i.ytimg.com/vi/SnSH8Ht3MIc/maxresdefault.jpg,"Build YOUR OWN Dockerfile, Image, and Container - Docker Tutorial - YouTube"
Video,Vcesium for unreal tutorial 01 - quickstart - youtubeQp8xUIaN,https://www.youtube.com/s/desktop/87423d78/img/favicon_32x32.png,2024-02-20T11:42:49.934Z,https://www.youtube.com/watch?v=BX37A949tiw&t=1s,https://i.ytimg.com/vi/BX37A949tiw/maxresdefault.jpg?sqp=-oaymwEmCIAKENAF8quKqQMa8AEB-AHUBoAC4AOKAgwIABABGEMgUShlMA8=&rs=AOn4CLDwS03ZrryuTjh0MvgsGiSBxKx5-w,Cesium for Unreal Tutorial 01 - Quickstart - YouTube
Video,Vcette ia génère n'importe quel objet 3d pour blender ! luma genie - youtube4WO03xJV,https://www.youtube.com/s/desktop/87423d78/img/favicon_32x32.png,2024-02-20T11:42:49.919Z,https://youtu.be/R9pHrKQlW2E,https://i.ytimg.com/vi/R9pHrKQlW2E/maxresdefault.jpg,Cette IA génère n'importe quel objet 3D pour Blender ! Luma Genie - YouTube
Video,Vcomment créer une ia ennemi de base | unreal engine 4 - youtubebdigv7VM,https://www.youtube.com/s/desktop/87423d78/img/favicon_32x32.png,2024-02-20T11:42:49.915Z,https://www.youtube.com/watch?v=HDZUTzjuXBo,https://i.ytimg.com/vi/HDZUTzjuXBo/maxresdefault.jpg,Comment Créer une IA ENNEMI de BASE | Unreal Engine 4 - YouTube
Video,"Vcomment libérer de l'espace disque dur sur son pc ! [windows 10, 11, 8-1, 8, 7 et xp] - youtubeHdvUqOV3",https://www.youtube.com/s/desktop/87423d78/img/favicon_32x32.png,2024-02-20T11:42:49.914Z,https://youtu.be/0rTxaApsj_0,https://i.ytimg.com/vi/0rTxaApsj_0/maxresdefault.jpg,"COMMENT LIBÉRER DE L'ESPACE DISQUE DUR SUR SON PC ! [WINDOWS 10, 11, 8.1, 8..."
Video,Vcomment mettre de l'herbe animée sur ue5 ? - youtubewptESSTx,https://www.youtube.com/s/desktop/87423d78/img/favicon_32x32.png,2024-02-21T15:54:42.910Z,https://youtu.be/e83qWNcUNhg,https://i.ytimg.com/vi/e83qWNcUNhg/maxresdefault.jpg,Comment mettre de l'herbe animée sur UE5 ? - YouTube
Video,Vcreate a fence using procedural content generation - unreal engine 5 pcg spline tutorial - youtubeFJ2dIdw8,https://www.youtube.com/s/desktop/87423d78/img/favicon_32x32.png,2024-02-20T11:42:49.923Z,https://youtu.be/TWjqci4nbO4,https://i.ytimg.com/vi/TWjqci4nbO4/maxresdefault.jpg,Create a Fence using Procedural Content Generation - Unreal Engine 5 PCG Sp...
Video,Vcreate a sci-fi hologram material shader in unreal engine 5 (free download) - youtubekSc0AkUY,https://www.youtube.com/s/desktop/87423d78/img/favicon_32x32.png,2024-02-20T11:42:49.898Z,https://www.youtube.com/watch?v=lWV52h-VHi8&t=47s,https://i.ytimg.com/vi/lWV52h-VHi8/maxresdefault.jpg,Create a sci-fi HOLOGRAM material shader in Unreal Engine 5 (FREE download)...
Video,Vcreate entire cities automatically with pcg splines! procedural content generation in unreal engine - youtubeYLGbc8r7,https://www.youtube.com/s/desktop/87423d78/img/favicon_32x32.png,2024-02-20T11:42:49.922Z,https://youtu.be/STqt92VF3KM,https://i.ytimg.com/vi/STqt92VF3KM/maxresdefault.jpg,Create Entire Cities Automatically With PCG Splines! Procedural Content Gen...
Video,Vcreate procedural forest path unreal engine 5-3 - full pcg tutorial - youtubeAze0ZbP2,https://www.youtube.com/s/desktop/87423d78/img/favicon_32x32.png,2024-02-20T11:42:49.927Z,https://www.youtube.com/watch?v=ZJO_ss7ewUA,https://i.ytimg.com/vi/ZJO_ss7ewUA/maxresdefault.jpg,Create Procedural Forest Path Unreal Engine 5.3 - Full PCG Tutorial - YouTu...
Video,Vcreate stunning fire effects in unreal engine 5 with niagara - youtubevlVEV9Rc,https://www.youtube.com/s/desktop/87423d78/img/favicon_32x32.png,2024-02-20T11:42:49.910Z,https://youtu.be/oaaBxBMUGvQ,https://i.ytimg.com/vi/oaaBxBMUGvQ/maxresdefault.jpg,Create Stunning Fire Effects in Unreal Engine 5 with Niagara - YouTube
Video,Vcreate your own metahuman | unreal engine 5 tutorial - youtubeMU6rlGxW,https://www.youtube.com/s/desktop/87423d78/img/favicon_32x32.png,2024-02-20T11:42:49.909Z,https://youtu.be/7lAWhk_aVvc,https://i.ytimg.com/vi/7lAWhk_aVvc/maxresdefault.jpg,Create your own MetaHuman | Unreal Engine 5 tutorial - YouTube
Video,Vcreating ar and vr projects with unreal engine | webinar - youtubeOXCzIU1z,https://www.youtube.com/s/desktop/87423d78/img/favicon_32x32.png,2024-02-20T11:42:49.896Z,https://youtu.be/Asw4C51RH9I,https://i.ytimg.com/vi/Asw4C51RH9I/maxresdefault.jpg,Creating AR and VR Projects with Unreal Engine | Webinar - YouTube
Video,Vcreating your first ui widget blueprint  unreal basics 101 course #4 - youtubeWfUmclfN,https://www.youtube.com/s/desktop/87423d78/img/favicon_32x32.png,2024-02-20T11:42:49.931Z,https://youtu.be/Z-9HwqzYFH8,https://i.ytimg.com/vi/Z-9HwqzYFH8/maxresdefault.jpg,Creating Your First UI Widget Blueprint  Unreal basics 101 course #4 - YouT...
Video,Vdoxygen basics - youtubeakXlI7nD,https://www.youtube.com/s/desktop/87423d78/img/favicon_32x32.png,2024-02-20T11:42:49.910Z,https://youtu.be/TtRn3HsOm1s,https://i.ytimg.com/vi/TtRn3HsOm1s/maxresdefault.jpg,Doxygen Basics - YouTube
Video,Verrant worlds - new procedural tools for unreal engine - now available! - youtube9fwpoOuJ,https://www.youtube.com/s/desktop/87423d78/img/favicon_32x32.png,2024-02-20T11:42:49.922Z,https://youtu.be/9hjdue97SVI,https://i.ytimg.com/vi/9hjdue97SVI/maxresdefault.jpg,Errant Worlds - New Procedural Tools for Unreal Engine - Now available! - Y...
Video,Vexporter de blender vers unreal engine 5 - youtubeHWMnFtZN,https://www.youtube.com/s/desktop/87423d78/img/favicon_32x32.png,2024-02-20T11:42:49.917Z,https://youtu.be/BK-_pr9LyPo,https://i.ytimg.com/vi/BK-_pr9LyPo/maxresdefault.jpg,Exporter de BLENDER vers UNREAL ENGINE 5 - YouTube
Video,Vfaire n'importe quelle ville sur blender ? - youtube6Vz1mqvP,https://www.youtube.com/s/desktop/87423d78/img/favicon_32x32.png,2024-02-20T11:42:49.919Z,https://youtu.be/O2h0l4wMs1c,https://i.ytimg.com/vi/O2h0l4wMs1c/maxresdefault.jpg,Faire n'importe quelle ville sur Blender ? - YouTube
Video,Vfloat menu x - unreal engine 5 - tutorial - youtube7Ufoz4y5,https://www.youtube.com/s/desktop/87423d78/img/favicon_32x32.png,2024-02-20T11:42:49.928Z,https://www.youtube.com/watch?v=wEa-O0mMaTQ,https://i.ytimg.com/vi/wEa-O0mMaTQ/maxresdefault.jpg,Float Menu X - Unreal Engine 5 - Tutorial - YouTube
Video,Vfonctionnalités d'unreal engine incroyables pour 2024 - youtubeiVTOhbiJ,https://www.youtube.com/s/desktop/87423d78/img/favicon_32x32.png,2024-02-20T11:42:49.920Z,https://youtu.be/ZpLB53L2NWI,https://i.ytimg.com/vi/ZpLB53L2NWI/maxresdefault.jpg,Fonctionnalités d'Unreal Engine Incroyables pour 2024 - YouTube
Video,Vgetting started in vr | physics-based hands | unreal engine - youtubelNKm8qWy,https://www.youtube.com/s/desktop/87423d78/img/favicon_32x32.png,2024-02-20T11:42:49.915Z,https://www.youtube.com/watch?v=L0nSNMwgc5Q,https://i.ytimg.com/vi/L0nSNMwgc5Q/maxresdefault.jpg,Getting Started in VR | Physics-Based Hands | Unreal Engine - YouTube
Video,Vgetting started with the new environment light mixer inside unreal engine 4-26 - youtubebyzPeWtX,https://www.youtube.com/s/desktop/87423d78/img/favicon_32x32.png,2024-02-20T11:42:49.928Z,https://youtu.be/LR6_LiyHtwg,https://i.ytimg.com/vi/LR6_LiyHtwg/maxresdefault.jpg,Getting Started With The New Environment Light Mixer Inside Unreal Engine 4...
Video,Vhow to build quest 2 vr apps with unreal engine 4-27 | vr development - youtubeA237JgDt,https://www.youtube.com/s/desktop/87423d78/img/favicon_32x32.png,2024-02-20T11:42:49.912Z,https://youtu.be/BoOB_btt41o,https://i.ytimg.com/vi/BoOB_btt41o/maxresdefault.jpg,How to Build Quest 2 VR Apps with Unreal Engine 4.27 | VR Development - You...
Video,Vhow to create a map extremely fast in ue5 - youtubeNcYZpPEn,https://www.youtube.com/s/desktop/87423d78/img/favicon_32x32.png,2024-02-20T11:42:49.920Z,https://youtu.be/-GyDjoyBQ3o,https://i.ytimg.com/vi/-GyDjoyBQ3o/maxresdefault.jpg,How to Create a Map EXTREMELY FAST in UE5 - YouTube
Video,Vhow to fix vr pawn collision in unreal engine vr template - youtubeamXiFSJz,https://www.youtube.com/s/desktop/87423d78/img/favicon_32x32.png,2024-02-20T11:42:49.918Z,https://youtu.be/iO6zwWPNnJc,https://i.ytimg.com/vi/iO6zwWPNnJc/maxresdefault.jpg,How To Fix VR Pawn Collision in Unreal Engine VR Template - YouTube
Video,Vhow to install the metaxr plugin to unreal engine 5 correctly - youtubeFwgW1LFP,https://www.youtube.com/s/desktop/87423d78/img/favicon_32x32.png,2024-02-20T11:42:49.904Z,https://youtu.be/HkWLY6dh6Aw,https://i.ytimg.com/vi/HkWLY6dh6Aw/maxresdefault.jpg,How to install the MetaXR plugin to Unreal Engine 5 correctly - YouTube
Video,Vhow to make a simple minimap in unreal engine 5 - youtubeYyYYUwLS,https://www.youtube.com/s/desktop/87423d78/img/favicon_32x32.png,2024-02-20T11:42:49.926Z,https://youtu.be/VzFAujhMdEA,https://i.ytimg.com/vi/VzFAujhMdEA/maxresdefault.jpg,How to Make a Simple Minimap in Unreal Engine 5 - YouTube
Video,Vhow to make a simple procedural mesh in unreal engine 5 - geometry script tutorial - youtubepo2YnTds,https://www.youtube.com/s/desktop/87423d78/img/favicon_32x32.png,2024-02-20T11:42:49.923Z,https://youtu.be/bNajh09iSnI,https://i.ytimg.com/vi/bNajh09iSnI/maxresdefault.jpg,How to Make a Simple Procedural Mesh in Unreal Engine 5 - Geometry Script T...
Video,Vhow to make an animal ai in unreal engine 5 - youtubeock3bIlR,https://www.youtube.com/s/desktop/87423d78/img/favicon_32x32.png,2024-02-20T11:42:49.924Z,https://youtu.be/yYfhsJNL5QE,https://i.ytimg.com/vi/yYfhsJNL5QE/maxresdefault.jpg,How to Make an Animal AI in Unreal Engine 5 - YouTube
Video,Vhow to properly export from blender to unreal without losing textures - youtubexEge0VkK,https://www.youtube.com/s/desktop/87423d78/img/favicon_32x32.png,2024-02-20T11:42:49.916Z,https://youtu.be/HIzDW4FlC-U,https://i.ytimg.com/vi/HIzDW4FlC-U/maxresdefault.jpg,How To Properly Export From Blender To Unreal Without Losing Textures - You...
Video,Vhow to salami slice mesh in unreal engine - easy - youtubeJFLK2jX4,https://www.youtube.com/s/desktop/87423d78/img/favicon_32x32.png,2024-02-20T11:42:49.924Z,https://youtu.be/oIdKxYYQBdw,https://i.ytimg.com/vi/oIdKxYYQBdw/maxresdefault.jpg,How to Salami Slice Mesh In Unreal Engine - Easy - YouTube
Video,Vhow to turn on developer mode on oculus quest & quest 2 (in 1 minute!) - youtubevaT7vkNt,https://www.youtube.com/s/desktop/87423d78/img/favicon_32x32.png,2024-02-20T11:42:49.911Z,https://youtu.be/6iSncojIFZQ,https://i.ytimg.com/vi/6iSncojIFZQ/maxresdefault.jpg,How To Turn On Developer Mode on Oculus Quest & Quest 2 (In 1 Minute!) - Yo...
Video,Vhow to use displacement in unreal engine 5-2 - youtube5bsy9Cdj,https://www.youtube.com/s/desktop/87423d78/img/favicon_32x32.png,2024-02-20T11:42:49.902Z,https://youtu.be/ik6s8xRceqE,https://i.ytimg.com/vi/ik6s8xRceqE/maxresdefault.jpg,How to use Displacement in Unreal Engine 5.2 - YouTube
Video,Vhow to use virtual reality in unreal engine 5 | beginner tutorial - youtubeJJL0KL4r,https://www.youtube.com/s/desktop/87423d78/img/favicon_32x32.png,2024-02-20T11:42:49.899Z,https://www.youtube.com/watch?v=DiGh6MxDFds&t=403s,https://i.ytimg.com/vi/DiGh6MxDFds/maxresdefault.jpg,How To Use VIRTUAL REALITY In Unreal Engine 5 | Beginner Tutorial - YouTube
Video,Vhow to use visual studio code for unreal engine - youtubencj7H7K4,https://www.youtube.com/s/desktop/87423d78/img/favicon_32x32.png,2024-02-20T11:42:49.900Z,https://youtu.be/uLoe0xzwBQs,https://i.ytimg.com/vi/uLoe0xzwBQs/hqdefault.jpg,How to use visual studio code for unreal engine - YouTube
Video,Vimport objects from blender to unreal 5 (2 minutes!!) - youtubec4zEZZ6J,https://www.youtube.com/s/desktop/87423d78/img/favicon_32x32.png,2024-02-20T11:42:49.917Z,https://youtu.be/BqF5D4kteX8,https://i.ytimg.com/vi/BqF5D4kteX8/maxresdefault.jpg,Import Objects From Blender to Unreal 5 (2 MINUTES!!) - YouTube
Video,Vinstall apks from inside your quest 2 - youtube5Zq3mPKu,https://www.youtube.com/s/desktop/87423d78/img/favicon_32x32.png,2024-02-20T11:42:49.912Z,https://youtu.be/xNPB1F3OfUU,https://i.ytimg.com/vi/xNPB1F3OfUU/maxresdefault.jpg,Install APKs From Inside Your Quest 2 - YouTube
Video,Vinteraction by actor component - ue4 advanced blueprints tutorial - youtubeDiaOUfeM,https://www.youtube.com/s/desktop/87423d78/img/favicon_32x32.png,2024-02-20T11:42:49.936Z,https://youtu.be/-7YFIePZXSw,https://i.ytimg.com/vi/-7YFIePZXSw/maxresdefault.jpg,Interaction By Actor Component - UE4 Advanced Blueprints Tutorial - YouTube
Video,Vintroducing easymapper for unreal engine 5 - youtubej3SaTnv2,https://www.youtube.com/s/desktop/87423d78/img/favicon_32x32.png,2024-02-20T11:42:49.911Z,https://www.youtube.com/watch?v=UWrCA-t0v3U,https://i.ytimg.com/vi/UWrCA-t0v3U/maxresdefault.jpg,Introducing EasyMapper for Unreal Engine 5 - YouTube
Video,Vintroduction to dynamic mesh and geometry script in unreal engine - youtubeTPSLkGBf,https://www.youtube.com/s/desktop/87423d78/img/favicon_32x32.png,2024-02-20T11:42:49.922Z,https://youtu.be/nW4dHuEFbQ4,https://i.ytimg.com/vi/nW4dHuEFbQ4/maxresdefault.jpg,Introduction to Dynamic Mesh and Geometry Script in Unreal Engine - YouTube
Video,Vintroduction to procedural meshes in ue4 - mesh ops plugin - youtubeT1aGOkOY,https://www.youtube.com/s/desktop/87423d78/img/favicon_32x32.png,2024-02-20T11:42:49.924Z,https://youtu.be/EnHvMuX6Y-U,https://i.ytimg.com/vi/EnHvMuX6Y-U/maxresdefault.jpg,Introduction to Procedural Meshes in UE4 - Mesh Ops plugin - YouTube
Video,Vl'inquiétant futur du mmorpg ?! - youtubemPTSK1xV,https://www.youtube.com/s/desktop/87423d78/img/favicon_32x32.png,2024-02-20T11:42:49.921Z,https://youtu.be/-Qj1ufuw470,https://i.ytimg.com/vi/-Qj1ufuw470/maxresdefault.jpg,L'inquiétant FUTUR du MMORPG ?! - YouTube
Video,Vlearn unreal engine c++ in one hour - youtubeoDm2NBu2,https://www.youtube.com/s/desktop/87423d78/img/favicon_32x32.png,2024-02-20T11:42:49.899Z,https://www.youtube.com/watch?v=nVm-DYdAsts,https://i.ytimg.com/vi/nVm-DYdAsts/maxresdefault.jpg,Learn Unreal Engine C++ In One Hour - YouTube
Video,Vles bases de firebase #5 firebase authentication | tuto fr - youtubefyk7R4vG,https://www.youtube.com/s/desktop/87423d78/img/favicon_32x32.png,2024-02-21T15:57:42.368Z,https://youtu.be/ic_T8eDYNuQ,https://i.ytimg.com/vi/ic_T8eDYNuQ/maxresdefault.jpg,Les bases de Firebase #5 Firebase Authentication | Tuto fr - YouTube
Video,Vlet's build the rpg! - 61 – torch fire full tutorial - fire and light in unreal engine 5 - youtube59xvlzWd,https://www.youtube.com/s/desktop/87423d78/img/favicon_32x32.png,2024-02-20T11:42:49.910Z,https://youtu.be/ZceJPOMDLSA,https://i.ytimg.com/vi/ZceJPOMDLSA/maxresdefault.jpg,Let's Build the RPG! - 61 – Torch Fire Full Tutorial - Fire and Light in Un...
Video,Vlet's make a physical vr button in unreal engine 5-3 - youtubeUld3Fhz7,https://www.youtube.com/s/desktop/87423d78/img/favicon_32x32.png,2024-02-20T11:42:49.904Z,https://youtu.be/m8DGSmDUHfk,https://i.ytimg.com/vi/m8DGSmDUHfk/maxresdefault.jpg,Let's Make A Physical VR Button In Unreal Engine 5.3 - YouTube
Video,Vlighting a night-time exterior in unreal - youtubeOwHfrTlQ,https://www.youtube.com/s/desktop/87423d78/img/favicon_32x32.png,2024-02-20T11:42:49.929Z,https://youtu.be/1LfiYtKDsac,https://i.ytimg.com/vi/1LfiYtKDsac/maxresdefault.jpg,Lighting a NIGHT-TIME exterior in Unreal - YouTube
Video,Vmaking a pawn that can actually turn into a queen | blender 4-0 - youtubeoq1iYr4X,https://www.youtube.com/s/desktop/87423d78/img/favicon_32x32.png,2024-02-20T11:42:49.924Z,https://youtu.be/t-7CFVslli4,https://i.ytimg.com/vi/t-7CFVslli4/maxresdefault.jpg,Making a pawn that can actually turn into a queen | Blender 4.0 - YouTube
Video,Vmastering procedural open world creation with pcg and unreal engine 5-2 - youtubemgiIBNCS,https://www.youtube.com/s/desktop/87423d78/img/favicon_32x32.png,2024-02-20T11:42:49.925Z,https://youtu.be/Y0UwL-Bo2l0,https://i.ytimg.com/vi/Y0UwL-Bo2l0/maxresdefault.jpg,Mastering Procedural Open World Creation with PCG and Unreal Engine 5.2 - Y...
Video,Vmatt aspland - youtube4r0HjFzF,https://www.youtube.com/s/desktop/87423d78/img/favicon_32x32.png,2024-02-20T11:42:49.892Z,https://www.youtube.com/@MattAspland,https://yt3.googleusercontent.com/j9-Lt4nJC1a2sDVUGMlS3glzbeshnNcFv4-wxbgA_8DYs4na6Z2PKSR2lmcTihiQ2NhnruRzoA=s900-c-k-c0x00ffffff-no-rj,Matt Aspland - YouTube
Video,Vmy guide to realistic lighting in unreal engine 5 - youtubeIEIwH7Ho,https://www.youtube.com/s/desktop/87423d78/img/favicon_32x32.png,2024-02-20T11:42:49.929Z,https://youtu.be/grAyrbNmaUM,https://i.ytimg.com/vi/grAyrbNmaUM/maxresdefault.jpg,My Guide To Realistic Lighting in Unreal Engine 5 - YouTube
Video,Vnuitrack for unreal engine 5 (blueprints) | how to start - youtubeJildNF3a,https://www.youtube.com/s/desktop/87423d78/img/favicon_32x32.png,2024-02-20T11:42:49.910Z,https://youtu.be/oGu3yIf6s9Q,https://i.ytimg.com/vi/oGu3yIf6s9Q/maxresdefault.jpg,Nuitrack For Unreal Engine 5 (Blueprints) | How to Start - YouTube
Video,Voculus quest hand tracking quick start in unreal engine 4-26 - youtubePGastP6b,https://www.youtube.com/s/desktop/87423d78/img/favicon_32x32.png,2024-02-20T11:42:49.903Z,https://www.youtube.com/watch?v=sSdpPtlEk20&list=PLbgD2Tk2QUnkYVdDN-EMSiinyKpWXRpIR,https://i.ytimg.com/vi/sSdpPtlEk20/maxresdefault.jpg,Oculus Quest Hand Tracking Quick Start in Unreal Engine 4.26 - YouTube
Video,Vpackaging for oculus quest 2 - unreal engine 5 vr tutorial - youtubeUuSRnLMU,https://www.youtube.com/s/desktop/87423d78/img/favicon_32x32.png,2024-02-20T11:42:49.911Z,https://youtu.be/TXQhGjVZJ-8,https://i.ytimg.com/vi/TXQhGjVZJ-8/maxresdefault.jpg,Packaging for Oculus Quest 2 - Unreal Engine 5 VR Tutorial - YouTube
Video,Vpro game animation is easy now (try this!) - youtubeXOKWM5qM,https://www.youtube.com/s/desktop/87423d78/img/favicon_32x32.png,2024-02-20T11:42:49.916Z,https://youtu.be/mrAlXrNUmQc,https://i.ytimg.com/vi/mrAlXrNUmQc/maxresdefault.jpg,Pro Game Animation Is EASY Now (Try This!) - YouTube
Video,Vpro materials are easy now! (try this) - youtubeEQJyivQW,https://www.youtube.com/s/desktop/87423d78/img/favicon_32x32.png,2024-02-20T11:42:49.921Z,https://youtu.be/rBx4zLY_V_E,https://i.ytimg.com/vi/rBx4zLY_V_E/maxresdefault.jpg,Pro Materials Are EASY Now! (Try This) - YouTube
Video,Vprocedural content generation in ue5 |  gdc 2023 - youtubecEMMgWZY,https://www.youtube.com/s/desktop/87423d78/img/favicon_32x32.png,2024-02-20T11:42:49.923Z,https://youtu.be/aoCGLW53fZg,https://i.ytimg.com/vi/aoCGLW53fZg/maxresdefault.jpg,Procedural Content Generation in UE5 |  GDC 2023 - YouTube
Video,Vprocedural generation (pcg) under 5 mins in unreal engine 5! - youtubejY5GdtT4,https://www.youtube.com/s/desktop/87423d78/img/favicon_32x32.png,2024-02-20T11:42:49.923Z,https://youtu.be/MF8ZMdOX7pU,https://i.ytimg.com/vi/MF8ZMdOX7pU/maxresdefault.jpg,Procedural Generation (PCG) under 5 mins in Unreal Engine 5! - YouTube
Video,Vprocedural moss material in ue5 w- displacement - youtubenaxcL0hR,https://www.youtube.com/s/desktop/87423d78/img/favicon_32x32.png,2024-02-20T11:42:49.921Z,https://youtu.be/Av8GlUPenXU+,https://i.ytimg.com/vi/Av8GlUPenXU/maxresdefault.jpg,Procedural Moss Material in UE5 w/ Displacement - YouTube
Video,Vquick trick to realistically blend assets with landscape | ue5 runtime virtual texturing tutorial - youtubedeGYak6U,https://www.youtube.com/s/desktop/87423d78/img/favicon_32x32.png,2024-02-20T11:42:49.908Z,https://youtu.be/ATfzfvtvfIo,https://i.ytimg.com/vi/ATfzfvtvfIo/maxresdefault.jpg,QUICK TRICK to Realistically BLEND ASSETS with LANDSCAPE | UE5 Runtime Virt...
Video,Vsimple menu for virtual reality with umg in unreal engine - youtubeKomaz07T,https://www.youtube.com/s/desktop/87423d78/img/favicon_32x32.png,2024-02-20T11:42:49.932Z,https://youtu.be/r55h7-bw8gY,https://i.ytimg.com/vi/r55h7-bw8gY/maxresdefault.jpg,Simple Menu for Virtual Reality with UMG in Unreal Engine - YouTube
Video,Vsmart poly - youtubeko6xo0FL,https://www.youtube.com/s/desktop/87423d78/img/favicon_32x32.png,2024-02-20T11:42:49.892Z,https://www.youtube.com/channel/UCp1e34nrTQqVXkNU5ekH9CQ,https://yt3.googleusercontent.com/jFJoptnUto4bUGz5X8dguUAS79nRsicLYueBD-6tjovDpzeliZNRdIvjkph3diLs-_xNe8u4_Q=s900-c-k-c0x00ffffff-no-rj,Smart Poly - YouTube
Video,Vswitching objects in unreal engine 5 using blueprints - youtubeDaEmXrb2,https://www.youtube.com/s/desktop/87423d78/img/favicon_32x32.png,2024-02-20T11:42:49.927Z,https://www.youtube.com/watch?v=-IzDYXhJg4M,https://i.ytimg.com/vi/-IzDYXhJg4M/maxresdefault.jpg,Switching Objects in Unreal Engine 5 Using Blueprints - YouTube
Video,Vterrain generation for beginners - unreal engine tutorial - youtubeCpGXqm09,https://www.youtube.com/s/desktop/87423d78/img/favicon_32x32.png,2024-02-20T11:42:49.901Z,https://youtu.be/9ASgfwzNvL8?list=PLyL5ZNukfVqskz_OkMdrLamiYg1sITyic,https://i.ytimg.com/vi/9ASgfwzNvL8/maxresdefault.jpg,Terrain generation for Beginners - Unreal Engine tutorial - YouTube
Video,Vterrain generation in c++ for beginners - unreal engine tutorial - youtubeO2l8pB1Z,https://www.youtube.com/s/desktop/87423d78/img/favicon_32x32.png,2024-02-20T11:42:49.900Z,https://www.youtube.com/watch?v=sNZ2g4qah28,https://i.ytimg.com/vi/sNZ2g4qah28/maxresdefault.jpg,Terrain generation in C++ for Beginners - Unreal Engine tutorial - YouTube
Video,Vthe easiest way to make a simple enemy ai in unreal engine 5 - youtubeJN2yUqgl,https://www.youtube.com/s/desktop/87423d78/img/favicon_32x32.png,2024-02-20T11:42:49.915Z,https://www.youtube.com/watch?v=xm-7m5Fw1HU,https://i.ytimg.com/vi/xm-7m5Fw1HU/maxresdefault.jpg,The Easiest Way to Make a Simple Enemy AI in Unreal Engine 5 - YouTube
Video,Vtips and tricks you (probably) don't know about unreal engine 5 - youtubeMor02HAS,https://www.youtube.com/s/desktop/87423d78/img/favicon_32x32.png,2024-02-20T11:42:49.928Z,https://www.youtube.com/watch?v=ocKFXjut6ls,https://i.ytimg.com/vi/ocKFXjut6ls/maxresdefault.jpg,Tips and Tricks you (probably) don't know about Unreal Engine 5 - YouTube
Video,Vue4 - unreal engine 4 make a game c++ edition - #01 c++ vscode setup - youtubeFVJK6m3Q,https://www.youtube.com/s/desktop/87423d78/img/favicon_32x32.png,2024-02-20T11:42:49.901Z,https://youtu.be/62MllhLQLvs?list=PLL7ZPw6CY7Ezdo7XbZoepGF83eGCHOEA_,https://i.ytimg.com/vi/62MllhLQLvs/maxresdefault.jpg,UE4 / Unreal Engine 4 Make a Game C++ Edition - #01 C++ VSCode Setup - YouT...
Video,"Vue4 c++ development for vr, part 1 (setting up the basic vr character) - youtuberSbABxnH",https://www.youtube.com/s/desktop/87423d78/img/favicon_32x32.png,2024-02-20T11:42:49.895Z,https://youtu.be/N7TUC0ZvuGM?list=PL5jucrVJoa43G22mqydtCb3qmFXipf2Uy,https://i.ytimg.com/vi/N7TUC0ZvuGM/maxresdefault.jpg,"UE4 C++ Development for VR, Part 1 (Setting Up the Basic VR Character) - Yo..."
Video,Vue4 c++ tutorial - dynamic materials - ue4 - unreal engine 4 intro to c++ - youtube6cfwzYqa,https://www.youtube.com/s/desktop/87423d78/img/favicon_32x32.png,2024-02-20T11:42:49.899Z,https://youtu.be/m4oSOugBQCg,https://i.ytimg.com/vi/m4oSOugBQCg/maxresdefault.jpg,UE4 C++ Tutorial - Dynamic Materials - UE4 / Unreal Engine 4 Intro to C++ -...
Video,Vue4 c++ tutorial - how to change material - ue4 - unreal engine 4 intro to c++ - youtubeLhX3BNTe,https://www.youtube.com/s/desktop/87423d78/img/favicon_32x32.png,2024-02-20T11:42:49.900Z,https://www.youtube.com/watch?v=oqTwBmuw54Y,https://i.ytimg.com/vi/oqTwBmuw54Y/maxresdefault.jpg,UE4 C++ Tutorial - How To Change Material - UE4 / Unreal Engine 4 Intro to ...
Video,Vue4 interactive foliage tutorial ue5 - youtubeH123UsV9,https://www.youtube.com/s/desktop/0f128ffd/img/favicon_32x32.png,2024-02-23T17:34:53.535Z,https://www.youtube.com/watch?v=qQmQDWOACo0&t=28s,https://i.ytimg.com/vi/qQmQDWOACo0/hqdefault.jpg,UE4 Interactive Foliage Tutorial UE5 - YouTube
Video,Vue4 vr physics based hands interaction(realistic hands interaction part 1) ue4tuts for you#ue4vr - youtubezLpnsINl,https://www.youtube.com/s/desktop/87423d78/img/favicon_32x32.png,2024-02-20T11:42:49.914Z,https://youtu.be/aavZbRjSE8w,https://i.ytimg.com/vi/aavZbRjSE8w/hqdefault.jpg,UE4 VR Physics Based Hands Interaction(Realistic Hands Interaction part 1) ...
Video,Vue5 blueprint tips - event tick performance - youtubecEfzyAkB,https://www.youtube.com/s/desktop/87423d78/img/favicon_32x32.png,2024-02-20T11:42:49.930Z,https://youtu.be/GFsGLpliG8E,https://i.ytimg.com/vi/GFsGLpliG8E/maxresdefault.jpg,UE5 Blueprint Tips - Event Tick Performance - YouTube
Video,Vue5 blueprint tutorial - how to create dynamic material instances - youtube4n2b22XO,https://www.youtube.com/s/desktop/87423d78/img/favicon_32x32.png,2024-02-20T11:42:49.925Z,https://youtu.be/uSKzkg0dQpY,https://i.ytimg.com/vi/uSKzkg0dQpY/maxresdefault.jpg,UE5 Blueprint Tutorial - How to Create Dynamic Material Instances - YouTube
Video,Vue5 c++ 10 - how to  build material graph with c++? - unreal engine tutorial editor cpp - youtubeaDwCI5Jq,https://www.youtube.com/s/desktop/87423d78/img/favicon_32x32.png,2024-02-20T11:42:49.902Z,https://youtu.be/Fd56hSN83mk,https://i.ytimg.com/vi/Fd56hSN83mk/maxresdefault.jpg,UE5 C++ 10 - How To  Build Material Graph with C++? - Unreal Engine Tutoria...
Video,Vue5 l spawning decal on your level l 5-minute material tutorial l unreal engine 5 - youtubeCmy8801v,https://www.youtube.com/s/desktop/87423d78/img/favicon_32x32.png,2024-02-20T11:42:49.927Z,https://youtu.be/6MXGzvot8tA,https://i.ytimg.com/vi/6MXGzvot8tA/maxresdefault.jpg,UE5 l Spawning Decal on Your Level l 5-Minute Material Tutorial l Unreal En...
Video,Vue5 series: using displacement in unreal engine 5-3 - youtubeT6BGT5sf,https://www.youtube.com/s/desktop/87423d78/img/favicon_32x32.png,2024-02-20T11:42:49.903Z,https://youtu.be/QnJiYp2Y00s,https://i.ytimg.com/vi/QnJiYp2Y00s/maxresdefault.jpg,UE5 Series: Using Displacement in UNREAL Engine 5.3 - YouTube
Video,Vue5 series: using procedural foliage tool in unreal engine - youtubeDixsrWCc,https://www.youtube.com/s/desktop/87423d78/img/favicon_32x32.png,2024-02-20T11:42:49.922Z,https://youtu.be/xhJLBoSl4gw,https://i.ytimg.com/vi/xhJLBoSl4gw/maxresdefault.jpg,UE5 Series: Using Procedural Foliage Tool in UNREAL Engine - YouTube
Video,Vue5: 3 methods for blocking out environments and level designs in ue5 - youtube8qXgNLHc,https://www.youtube.com/s/desktop/87423d78/img/favicon_32x32.png,2024-02-20T11:42:49.920Z,https://youtu.be/ZfalgxLtNyI,https://i.ytimg.com/vi/ZfalgxLtNyI/maxresdefault.jpg,UE5: 3 Methods for Blocking Out Environments and Level Designs in UE5 - You...
Video,Vui animation: everything you need to know | ue4 tutorial - youtube3WXrYYYf,https://www.youtube.com/s/desktop/87423d78/img/favicon_32x32.png,2024-02-20T11:42:49.934Z,https://youtu.be/EK0di47pdY0,https://i.ytimg.com/vi/EK0di47pdY0/maxresdefault.jpg,UI ANIMATION: Everything You Need to Know | UE4 Tutorial - YouTube
Video,Vunreal 5 - auto materials (2 minutes!!) - youtubeAUfDf7bG,https://www.youtube.com/s/desktop/87423d78/img/favicon_32x32.png,2024-02-20T11:42:49.925Z,https://youtu.be/xyf8n-3fiIo,https://i.ytimg.com/vi/xyf8n-3fiIo/maxresdefault.jpg,Unreal 5 - Auto Materials (2 MINUTES!!) - YouTube
Video,Vunreal 5 - automatic landscapes (height-maps) - youtubeRfbShjCu,https://www.youtube.com/s/desktop/87423d78/img/favicon_32x32.png,2024-02-20T11:42:49.926Z,https://youtu.be/KUwR8bpsyLg,https://i.ytimg.com/vi/KUwR8bpsyLg/maxresdefault.jpg,Unreal 5 - Automatic Landscapes (HEIGHT-MAPS) - YouTube
Video,Vunreal art with alireza  - youtubeRFiD15OM,https://www.youtube.com/s/desktop/87423d78/img/favicon_32x32.png,2024-02-20T11:42:49.926Z,https://www.youtube.com/@UnrealART,https://yt3.googleusercontent.com/beEfboxRjRHju1sEp6MDDkMPm6wLuh6DorMYqVC4JvyGoInJc2ui9lCQ_4D_Nc_v7SdcrV4k=s900-c-k-c0x00ffffff-no-rj,Unreal ART With Alireza  - YouTube
Video,Vunreal development kit beginner tutorial series - #1 series introduction - youtubeviA17RYu,https://www.youtube.com/s/desktop/87423d78/img/favicon_32x32.png,2024-02-20T11:42:49.895Z,https://youtu.be/LXUWiVQ-xDY?list=PLL0cLF8gjBpqAGUQWKbrmzOmgmu0yO7P0,https://i.ytimg.com/vi/LXUWiVQ-xDY/maxresdefault.jpg,Unreal Development Kit Beginner Tutorial Series - #1 Series Introduction - ...
Video,Vunreal engine & c++ tutorial - endless runner game 🏃🏽‍♀️ - youtube4iglkoxc,https://www.youtube.com/s/desktop/87423d78/img/favicon_32x32.png,2024-02-20T11:42:49.899Z,https://www.youtube.com/watch?v=SOjZTmOMGcY,https://i.ytimg.com/vi/SOjZTmOMGcY/maxresdefault.jpg,Unreal Engine & C++ Tutorial - Endless Runner Game 🏃🏽‍♀️ - YouTube
Video,Vunreal engine - youtubeqwze19RY,https://www.youtube.com/s/desktop/87423d78/img/favicon_32x32.png,2024-02-20T11:42:49.926Z,https://www.youtube.com/@UnrealEngine,https://yt3.googleusercontent.com/KOvErBPt81cATsP6fEoR8wwGTkSdtgmazJgGubUgjhztLSS3Svn8DPohXs70vaC6_mSNP_NZ5A=s900-c-k-c0x00ffffff-no-rj,Unreal Engine - YouTube
Video,Vunreal engine -- spawn & destroy | 01 | spawning from the level blueprint - youtubeeVvOQTbD,https://www.youtube.com/s/desktop/87423d78/img/favicon_32x32.png,2024-02-20T11:42:49.904Z,https://youtu.be/aRD_nKeuYYo,https://i.ytimg.com/vi/aRD_nKeuYYo/maxresdefault.jpg,Unreal Engine -- Spawn & Destroy | 01 | Spawning from the Level Blueprint -...
Video,Vunreal engine 4 interior lighting - youtubeJSgtHJv7,https://www.youtube.com/s/desktop/87423d78/img/favicon_32x32.png,2024-02-20T11:42:49.929Z,https://youtu.be/5kAoi_Hs9HA,https://i.ytimg.com/vi/5kAoi_Hs9HA/maxresdefault.jpg,Unreal Engine 4 Interior Lighting - YouTube
Video,Vunreal engine 5 - 3d elements in widgets (als #142 ) - youtubeD2UZ3F28,https://www.youtube.com/s/desktop/87423d78/img/favicon_32x32.png,2024-02-20T11:42:49.931Z,https://youtu.be/BeX9Cobo3_c,https://i.ytimg.com/vi/BeX9Cobo3_c/maxresdefault.jpg,Unreal Engine 5 - 3D Elements in Widgets (ALS #142 ) - YouTube
Video,Vunreal engine 5 - colliders explained in 12 min - youtubexrblexiJ,https://www.youtube.com/s/desktop/87423d78/img/favicon_32x32.png,2024-02-20T11:42:49.918Z,https://youtu.be/X2CtmdkFdz0,https://i.ytimg.com/vi/X2CtmdkFdz0/maxresdefault.jpg,Unreal Engine 5 - Colliders Explained in 12 min - YouTube
Video,Vunreal engine 5 - google maps api & cesium - full tutorial pt 1 - youtubeULUdtzT9,https://www.youtube.com/s/desktop/87423d78/img/favicon_32x32.png,2024-02-20T11:42:49.934Z,https://www.youtube.com/watch?v=TbHCvAo-aGg,https://i.ytimg.com/vi/TbHCvAo-aGg/maxresdefault.jpg,Unreal Engine 5 - Google Maps API & Cesium - Full tutorial PT 1 - YouTube
Video,Vunreal engine 5 beginner tutorial - pirate of the caribbean scene creation - youtubeWnsXyyOv,https://www.youtube.com/s/desktop/87423d78/img/favicon_32x32.png,2024-02-20T11:42:49.909Z,https://youtu.be/fBFd4Am7e4I,https://i.ytimg.com/vi/fBFd4Am7e4I/maxresdefault.jpg,Unreal Engine 5 Beginner Tutorial - Pirate Of The Caribbean Scene Creation ...
Video,Vunreal engine 5 beginner tutorial - ue5 starter course 2023 #unrealengine5    #megascans   #cgi - youtubeDjhQM5fP,https://www.youtube.com/s/desktop/87423d78/img/favicon_32x32.png,2024-02-20T11:42:49.909Z,https://youtu.be/gHnnAB2bxK0,https://i.ytimg.com/vi/gHnnAB2bxK0/maxresdefault.jpg,Unreal Engine 5 Beginner Tutorial - UE5 Starter Course 2023 #unrealengine5 ...
Video,Vunreal engine 5 c++ blueprint function library tutorial create own blueprint code with c++ for ue5 - youtubenJCOgkMu,https://www.youtube.com/s/desktop/87423d78/img/favicon_32x32.png,2024-02-20T11:42:49.926Z,https://youtu.be/tvCUA1ZDMQI,https://i.ytimg.com/vi/tvCUA1ZDMQI/maxresdefault.jpg,Unreal Engine 5 C++ Blueprint Function Library Tutorial Create Own Blueprin...
Video,Vunreal engine 5 environment lighting tutorial | part 1 - youtube7KeZ75IF,https://www.youtube.com/s/desktop/87423d78/img/favicon_32x32.png,2024-02-20T11:42:49.929Z,https://youtu.be/Bmndxya39lM,https://i.ytimg.com/vi/Bmndxya39lM/maxresdefault.jpg,Unreal Engine 5 Environment Lighting Tutorial | Part 1 - YouTube
Video,Vunreal engine 5 quick tip: making rotating objects - youtubeILKcZi83,https://www.youtube.com/s/desktop/87423d78/img/favicon_32x32.png,2024-02-20T11:42:49.917Z,https://youtu.be/QndH9DuL_Ao,https://i.ytimg.com/vi/QndH9DuL_Ao/maxresdefault.jpg,Unreal Engine 5 Quick Tip: Making Rotating Objects - YouTube
Video,Vunreal engine 5 tutorial - open world optimization: don't use actors too much - youtubetY6A1qIE,https://www.youtube.com/s/desktop/87423d78/img/favicon_32x32.png,2024-02-20T11:42:49.927Z,https://www.youtube.com/watch?v=GFzBoUeem74,https://i.ytimg.com/vi/GFzBoUeem74/maxresdefault.jpg,Unreal Engine 5 Tutorial - Open World Optimization: Don't use actors too mu...
Video,Vunreal engine 5 tutoriel débutant - cours de démarrage ue5  ! - youtube8t8uCbvd,https://www.youtube.com/s/desktop/87423d78/img/favicon_32x32.png,2024-02-20T11:42:49.909Z,https://youtu.be/XX_4YgAseyw,https://i.ytimg.com/vi/XX_4YgAseyw/maxresdefault.jpg,Unreal Engine 5 Tutoriel Débutant - Cours de démarrage UE5  ! - YouTube
Video,Vunreal engine 5 tutoriel débutant : chaos destruction - youtubeHIWqbha2,https://www.youtube.com/s/desktop/87423d78/img/favicon_32x32.png,2024-02-20T11:42:49.918Z,https://youtu.be/tIthS9yk3lc,https://i.ytimg.com/vi/tIthS9yk3lc/maxresdefault.jpg,Unreal Engine 5 Tutoriel Débutant : Chaos Destruction - YouTube
Video,Vunreal engine 5 tutoriel débutant : landmass - youtubeq1tjJf1D,https://www.youtube.com/s/desktop/87423d78/img/favicon_32x32.png,2024-02-20T11:42:49.920Z,https://youtu.be/mDKJ36_zPHE,https://i.ytimg.com/vi/mDKJ36_zPHE/maxresdefault.jpg,Unreal Engine 5 Tutoriel Débutant : Landmass - YouTube
Video,Vunreal engine 5 ue5 free tutorial - how to tile textures to the world in unreal - youtubeAUonjbxr,https://www.youtube.com/s/desktop/87423d78/img/favicon_32x32.png,2024-02-20T11:42:49.925Z,https://youtu.be/fUW3HHMhx1A,https://i.ytimg.com/vi/fUW3HHMhx1A/hqdefault.jpg,Unreal Engine 5 UE5 Free Tutorial - How To Tile Textures To The World In Un...
Video,Vunreal engine 5-2 - next-gen graphics tech demo | state of unreal 2023 - youtubeQ3mG2pDF,https://www.youtube.com/s/desktop/87423d78/img/favicon_32x32.png,2024-02-20T11:42:49.928Z,https://www.youtube.com/watch?v=-lkEOEEKYD0,https://i.ytimg.com/vi/-lkEOEEKYD0/maxresdefault.jpg,Unreal Engine 5.2 - Next-Gen Graphics Tech Demo | State of Unreal 2023 - Yo...
Video,Vunreal engine c++ tutorial - episode 6: dynamic materials - youtubenx44ru05,https://www.youtube.com/s/desktop/87423d78/img/favicon_32x32.png,2024-02-20T11:42:49.898Z,https://www.youtube.com/watch?v=V5bugE5K-ys,https://i.ytimg.com/vi/V5bugE5K-ys/maxresdefault.jpg,Unreal Engine C++ Tutorial - Episode 6: Dynamic Materials - YouTube
Video,"Vunreal engine how to sell plugins #1: ""create plugin"" - youtubeSulqFoAG",https://www.youtube.com/s/desktop/87423d78/img/favicon_32x32.png,2024-02-20T11:42:49.925Z,https://youtu.be/v3_HkAU_rls,https://i.ytimg.com/vi/v3_HkAU_rls/maxresdefault.jpg?sqp=-oaymwEmCIAKENAF8quKqQMa8AEB-AHUBoAC4AOKAgwIABABGGUgYChOMA8=&rs=AOn4CLAHPKuBH2uVkFpR3j45X0gKnEDfAQ,"Unreal Engine How To Sell Plugins #1: ""Create Plugin"" - YouTube"
Video,Vunreal engine procedural content optimization: boost performance with these 3 tips! - youtubeuKTzE0k7,https://www.youtube.com/s/desktop/87423d78/img/favicon_32x32.png,2024-02-20T11:42:49.922Z,https://youtu.be/_t55i17_7qE,https://i.ytimg.com/vi/_t55i17_7qE/maxresdefault.jpg,Unreal Engine Procedural Content Optimization: Boost Performance with These...
Video,Vunreal niagara: next-gen disintegration vfx - youtubeh8TFTecB,https://www.youtube.com/s/desktop/87423d78/img/favicon_32x32.png,2024-02-20T11:42:49.920Z,https://youtu.be/79ZnSh6nJUo,https://i.ytimg.com/vi/79ZnSh6nJUo/maxresdefault.jpg,Unreal Niagara: Next-Gen Disintegration VFX - YouTube
Video,Vunreal sensei - youtubep5jkFgkB,https://www.youtube.com/s/desktop/87423d78/img/favicon_32x32.png,2024-02-20T11:42:49.892Z,https://www.youtube.com/@UnrealSensei,https://yt3.googleusercontent.com/ytc/AIf8zZRk6GZU2XSdfxsp-d9GA-CY9nUX_HrJKrm2ctVJ2A=s900-c-k-c0x00ffffff-no-rj,Unreal Sensei - YouTube
Video,Vvirtual textures are now my favorite thing - youtubeFvnlZ2ra,https://www.youtube.com/s/desktop/87423d78/img/favicon_32x32.png,2024-02-20T11:42:49.909Z,https://youtu.be/mk2BaeNr_p4,https://i.ytimg.com/vi/mk2BaeNr_p4/maxresdefault.jpg,Virtual Textures Are Now My Favorite Thing - YouTube
Video,Vvr pawn movement using hand activated controls - unreal engine 4 tutorial - youtubeL8Z69Dof,https://www.youtube.com/s/desktop/87423d78/img/favicon_32x32.png,2024-02-20T11:42:49.916Z,https://youtu.be/lpDIYd6EEAs,https://i.ytimg.com/vi/lpDIYd6EEAs/maxresdefault.jpg,VR Pawn Movement using Hand Activated Controls - Unreal Engine 4 Tutorial -...
Video,Vwidget communication in unreal engine 5-1 - part 1 + using umg to modify an actor- - youtubecBZuyIFO,https://www.youtube.com/s/desktop/87423d78/img/favicon_32x32.png,2024-02-20T11:42:49.931Z,https://youtu.be/_tpgGhtirT0,https://i.ytimg.com/vi/_tpgGhtirT0/maxresdefault.jpg,Widget Communication In Unreal Engine 5.1 - Part 1 + Using UMG To Modify An...
Video,Vyour first virtual reality project with unreal engine 5-1 - youtubee5IHoZYs,https://www.youtube.com/s/desktop/87423d78/img/favicon_32x32.png,2024-02-20T11:42:49.896Z,https://www.youtube.com/watch?v=AqF9R4afZgA,https://i.ytimg.com/vi/AqF9R4afZgA/maxresdefault.jpg?sqp=-oaymwEmCIAKENAF8quKqQMa8AEB-AH-CYAC0AWKAgwIABABGGUgWShMMA8=&rs=AOn4CLDumW3xK45UmKqHlcSmLjenUuii-Q,Your first Virtual Reality Project with Unreal Engine 5.1 - YouTube